Session Day of Week,Session Date,Custom Player Id,Player Name,Player Last Name,Player Position,Drill Title,Distance Total,High Speed Running (Absolute),High Speed Running (Relative),Distance Zone 6 (Absolute),HSR Per Minute (Absolute),Sprint Distance,Sprints,Fatigue Index,HML Distance,HML Distance Per Minute,HML Efforts,Distance Z5ToZ6,Accelerations,Max Acceleration,Accelerations Z4 to Z6,Decelerations,Distance Per Min,Max Speed,Dynamic Stress Load,Step Balance,Deceleration Z4 to Z6,Metabolic Distance Zone 6,HSR Per Minute (Relative),Session Type,Session Week Number,Total Time,Accelerations Z3 to Z6,Distance Zone 6 (Relative),Distance Z5ToZ6Ab,Time In Red Zone,Total Loading
Thursday,15/08/2024,,Borja Diaz,Diaz,CENTROCAMPISTA,Entire Session,3522.17,225.3,225.3,2.15,6.02,14.96,2,1.31,712.36,5.8,75,225.3,27,4.9,27,26,94.09,26.24,231.86,0.04,26,749.17,6.02,MatchDay,33,2:02:47,99,2.15,225.3,0:00:00,60.15
Thursday,15/08/2024,,ALEJANDRO CANIZO,CANIZO,DELANTERO,Entire Session,9002.64,442.1,442.1,99.8,3.61,125.84,7,1.42,1523.71,12.41,166,442.1,64,5.49,64,73,73.42,33.62,631.9,-0.02,73,1583.54,3.61,MatchDay,33,2:02:47,238,99.8,442.1,0:00:00,141.31
Thursday,15/08/2024,,MIGUEL CERA,CERA,LATERAL DERECHO,Entire Session,10297.76,538.19,538.19,139.86,4.58,190.42,11,0.79,1705.8,13.89,203,538.19,56,4.96,56,82,87.57,32.72,398.69,0.06,82,1764.4,4.58,MatchDay,33,2:02:47,324,139.86,538.19,0:00:00,156.56
Thursday,15/08/2024,20,García Dario,Dario,CENTROCAMPISTA,Entire Session,2557.29,166.3,84.52,24.48,6.39,34.76,2,1.51,566.09,4.61,57,84.52,22,5.2,22,22,98.28,29.16,194.59,-0.06,22,584.66,3.25,MatchDay,33,2:02:47,91,0.81,166.3,0:00:00,42.61
Thursday,15/08/2024,,ERIC IGLESIAS,IGLESIAS,DELANTERO,Entire Session,5217.1,297.4,297.4,56.75,4.96,92.23,6,0.98,892.11,7.27,97,297.4,30,4.53,30,42,87.06,28.19,251.02,-0.01,42,921.08,4.96,MatchDay,33,2:02:47,135,56.75,297.4,0:00:00,79.17
Thursday,15/08/2024,12, Gallar,Gallar,LATERAL DERECHO,Entire Session,9238.27,273.46,154.46,19.58,2.25,23.28,2,1.1,1289.58,10.5,157,154.46,42,4.91,42,50,76.12,28.04,491.13,-0.03,50,1334.85,1.27,MatchDay,33,2:02:47,245,0,273.46,0:00:00,142.36
Thursday,15/08/2024,4,Ablanque Ablanque,Ablanque,CENTRAL,Entire Session,9347.06,314.65,235.33,43.36,2.57,60.12,4,0.5,1307.18,10.65,154,235.33,44,5.55,44,52,76.41,29.66,221.56,-0.03,52,1358.35,1.92,MatchDay,33,2:02:47,231,0,314.65,0:00:00,120.61
Thursday,15/08/2024,,JULIO MARTINEZ,MARTINEZ,LATERAL IZQUIERDO,Entire Session,10614.7,565.16,565.16,95.99,4.63,160.62,9,0.92,1974.28,16.08,214,565.16,82,5.92,82,79,86.88,31.32,486.37,0.01,79,2041.68,4.63,MatchDay,33,2:02:47,344,95.99,565.16,0:00:00,158.44
Thursday,15/08/2024,,MANU RAMIREZ,RAMIREZ,EXTREMO,Entire Session,9244.79,508.19,508.19,71.28,5.22,109.69,5,0.99,2014.93,16.41,219,508.19,69,5.57,69,72,95.01,29.74,459.99,-0.01,72,2099.82,5.22,MatchDay,33,2:02:47,302,71.28,508.19,0:00:00,141.17
Thursday,15/08/2024,,ALEJANDRO DOMINGO,DOMINGO,EXTREMO,Entire Session,8196.96,461.58,461.58,46.69,3.79,71.53,5,1.35,1671.19,13.61,175,461.58,64,6.03,64,80,67.23,29.41,550.18,0,80,1713.36,3.79,MatchDay,33,2:02:47,280,46.69,461.58,0:00:00,146.23
Thursday,15/08/2024,,ROJO ,,CENTROCAMPISTA,Entire Session,11835.37,646.9,646.9,50.69,5.4,104.23,5,0.82,2468.2,20.1,281,646.9,76,5.33,76,93,98.82,30.1,492.36,-0.02,93,2563.27,5.4,MatchDay,33,2:02:47,353,50.69,646.9,0:00:00,179.65
Thursday,15/08/2024,,ANTONIO CALVO,CALVO,CENTROCAMPISTA,Entire Session,8137.02,299.28,299.28,21.96,2.44,34.53,3,0.82,1387.82,11.3,162,299.28,38,5.37,38,53,66.37,27.94,328.74,-0.07,53,1453.93,2.44,MatchDay,33,2:02:47,230,21.96,299.28,0:00:00,120.58
Thursday,15/08/2024,,MANUEL MARQUEZ,MARQUEZ,EXTREMO,Entire Session,3352.01,347.39,281.91,91.7,10.67,88.59,4,1.47,765.24,6.23,70,281.91,25,5.55,25,30,102.97,31.64,252.62,0,30,782.88,8.66,MatchDay,33,2:02:47,107,73.11,347.39,0:00:00,61.26
Thursday,15/08/2024,,Borja Diaz,Diaz,CENTROCAMPISTA,PRIMERA PARTE,0,0,0,0,0,0,0,0,0,0,0,0,0,0,0,0,0,0,0,0,0,0,0,MatchDay,33,0:47:22,0,0,0,0:00:00,0
Thursday,15/08/2024,,ALEJANDRO CANIZO,CANIZO,DELANTERO,PRIMERA PARTE,5096.24,255.21,255.21,44.64,5.39,63.26,5,1.38,872.19,18.41,95,255.21,37,5.49,37,35,107.58,30.85,350.4,-0.03,35,911.17,5.39,MatchDay,33,0:47:22,136,44.64,255.21,0:00:00,79.74
Thursday,15/08/2024,,MIGUEL CERA,CERA,LATERAL DERECHO,PRIMERA PARTE,4783.96,273.42,273.42,110.66,5.77,142.9,7,0.78,788.17,16.64,90,273.42,26,4.96,26,45,100.99,32.72,183.11,0.05,45,812.27,5.77,MatchDay,33,0:47:22,148,110.66,273.42,0:00:00,72.36
Thursday,15/08/2024,20,García Dario,Dario,CENTROCAMPISTA,PRIMERA PARTE,0,0,0,0,0,0,0,0,0,0,0,0,0,0,0,0,0,0,0,0,0,0,0,MatchDay,33,0:47:22,0,0,0,0:00:00,0
Thursday,15/08/2024,,ERIC IGLESIAS,IGLESIAS,DELANTERO,PRIMERA PARTE,0,0,0,0,0,0,0,0,0,0,0,0,0,0,0,0,0,0,0,0,0,0,0,MatchDay,33,0:47:22,0,0,0,0:00:00,0
Thursday,15/08/2024,12, Gallar,Gallar,LATERAL DERECHO,PRIMERA PARTE,4492.57,160.97,95.52,10.87,3.4,8.32,1,1.12,698.14,14.74,87,95.52,24,4.8,24,31,94.84,28.04,245.97,-0.03,31,722.61,2.02,MatchDay,33,0:47:22,130,0,160.97,0:00:00,69.87
Thursday,15/08/2024,4,Ablanque Ablanque,Ablanque,CENTRAL,PRIMERA PARTE,4452.2,149.49,108.17,11.62,3.16,26.12,2,0.52,677.22,14.3,80,108.17,21,5.5,21,27,93.98,27.22,111.72,-0.05,27,707.51,2.28,MatchDay,33,0:47:22,117,0,149.49,0:00:00,58.56
Thursday,15/08/2024,,JULIO MARTINEZ,MARTINEZ,LATERAL IZQUIERDO,PRIMERA PARTE,5087.32,282.66,282.66,33.11,5.97,66.5,4,0.94,1001.16,21.13,104,282.66,42,5.28,42,41,107.39,28.76,239.4,-0.01,41,1040.7,5.97,MatchDay,33,0:47:22,162,33.11,282.66,0:00:00,75.14
Thursday,15/08/2024,,MANU RAMIREZ,RAMIREZ,EXTREMO,PRIMERA PARTE,5415.94,321.59,321.59,38.55,6.79,70.84,4,0.96,1183.23,24.98,131,321.59,44,4.86,44,42,114.33,28.3,262.6,-0.01,42,1228.74,6.79,MatchDay,33,0:47:22,189,38.55,321.59,0:00:00,82.9
Thursday,15/08/2024,,ALEJANDRO DOMINGO,DOMINGO,EXTREMO,PRIMERA PARTE,5113.56,331.57,331.57,43.87,7,60.18,4,1.37,1114.94,23.54,112,331.57,45,6.03,45,54,107.95,29.41,353.45,-0.02,54,1142.72,7,MatchDay,33,0:47:22,189,43.87,331.57,0:00:00,90.55
Thursday,15/08/2024,,ROJO ,,CENTROCAMPISTA,PRIMERA PARTE,5539.94,306.66,306.66,20.9,6.47,45.73,3,0.79,1186.57,25.05,135,306.66,42,5.33,42,47,116.95,27.04,221.64,0,47,1231.95,6.47,MatchDay,33,0:47:22,177,20.9,306.66,0:00:00,83.03
Thursday,15/08/2024,,ANTONIO CALVO,CALVO,CENTROCAMPISTA,PRIMERA PARTE,5005.57,171.21,171.21,21.96,3.61,34.53,3,0.87,902.92,19.06,109,171.21,29,5.37,29,39,105.67,27.94,215.75,-0.08,39,942.55,3.61,MatchDay,33,0:47:22,153,21.96,171.21,0:00:00,73.74
Thursday,15/08/2024,,Borja Diaz,Diaz,CENTROCAMPISTA,SEGUNDA PARTE,3342.14,225.3,225.3,2.15,7.83,14.96,2,1.36,712.36,14.32,75,225.3,27,4.9,27,26,116.17,26.24,231.74,0.04,26,749.17,7.83,MatchDay,33,0:49:44,99,2.15,225.3,0:00:00,57.86
Thursday,15/08/2024,,ALEJANDRO CANIZO,CANIZO,DELANTERO,SEGUNDA PARTE,3401.89,186.9,186.9,55.16,3.76,62.58,2,1.61,641.95,12.91,69,186.9,26,4.21,26,38,68.4,33.62,274.72,0.01,38,662.22,3.76,MatchDay,33,0:49:44,95,55.16,186.9,0:00:00,54.81
Thursday,15/08/2024,,MIGUEL CERA,CERA,LATERAL DERECHO,SEGUNDA PARTE,5098.01,264.77,264.77,29.2,5.32,47.52,4,0.83,907.01,18.24,111,264.77,30,4.66,30,36,102.5,29.48,209.25,0.07,36,941.51,5.32,MatchDay,33,0:49:44,173,29.2,264.77,0:00:00,78.47
Thursday,15/08/2024,20,García Dario,Dario,CENTROCAMPISTA,SEGUNDA PARTE,2440.9,166.3,84.52,24.48,8.08,34.76,2,1.55,566.09,11.38,57,84.52,22,5.2,22,22,118.65,29.16,191.78,-0.06,22,584.66,4.11,MatchDay,33,0:49:44,91,0.81,166.3,0:00:00,40.57
Thursday,15/08/2024,,ERIC IGLESIAS,IGLESIAS,DELANTERO,SEGUNDA PARTE,5122.99,297.4,297.4,56.75,5.98,92.23,6,0.98,890.1,17.9,97,297.4,30,4.53,30,42,103.01,28.19,247.75,0,42,918.32,5.98,MatchDay,33,0:49:44,134,56.75,297.4,0:00:00,76.81
Thursday,15/08/2024,12, Gallar,Gallar,LATERAL DERECHO,SEGUNDA PARTE,4402.08,105.97,55.3,8.7,2.13,14.96,1,1.14,577.65,11.61,69,55.3,18,4.91,18,19,88.51,27.61,241.32,-0.03,19,598.07,1.11,MatchDay,33,0:49:44,112,0,105.97,0:00:00,68.62
Thursday,15/08/2024,4,Ablanque Ablanque,Ablanque,CENTRAL,SEGUNDA PARTE,4427.95,165.16,127.15,31.74,3.32,34,2,0.5,622.64,12.52,73,127.15,23,5.55,23,25,89.03,29.66,105.85,-0.02,25,643,2.56,MatchDay,33,0:49:44,110,0,165.16,0:00:00,55.89
Thursday,15/08/2024,,JULIO MARTINEZ,MARTINEZ,LATERAL IZQUIERDO,SEGUNDA PARTE,5205.93,282.49,282.49,62.87,5.68,94.12,5,0.95,973.12,19.57,110,282.49,40,5.92,40,38,104.67,31.32,244.79,0.02,38,1000.97,5.68,MatchDay,33,0:49:44,180,62.87,282.49,0:00:00,78.23
Thursday,15/08/2024,,MANU RAMIREZ,RAMIREZ,EXTREMO,SEGUNDA PARTE,3554.72,186.6,186.6,32.73,5.68,38.85,1,1.09,831.7,16.72,88,186.6,25,5.57,25,30,108.21,29.74,196.53,-0.03,30,871.08,5.68,MatchDay,33,0:49:44,113,32.73,186.6,0:00:00,55.05
Thursday,15/08/2024,,ALEJANDRO DOMINGO,DOMINGO,EXTREMO,SEGUNDA PARTE,2622.68,130.01,130.01,2.82,2.61,11.35,1,1.41,555.98,11.18,63,130.01,19,4.67,19,26,52.73,25.7,185.42,0.02,26,570.36,2.61,MatchDay,33,0:49:44,89,2.82,130.01,0:00:00,47.53
Thursday,15/08/2024,,ROJO ,,CENTROCAMPISTA,SEGUNDA PARTE,5871.57,340.24,340.24,29.79,6.84,58.5,2,0.91,1281.63,25.77,146,340.24,34,5.13,34,46,118.06,30.1,270.49,-0.03,46,1331.33,6.84,MatchDay,33,0:49:44,174,29.79,340.24,0:00:00,91.44
Thursday,15/08/2024,,ANTONIO CALVO,CALVO,CENTROCAMPISTA,SEGUNDA PARTE,2737.65,128.07,128.07,0,2.58,0,0,0.79,476.75,9.59,52,128.07,8,5.21,8,14,55.04,24.05,108.66,-0.04,14,503.25,2.58,MatchDay,33,0:49:44,72,0,128.07,0:00:00,40.88
Thursday,15/08/2024,,MANUEL MARQUEZ,MARQUEZ,EXTREMO,SEGUNDA PARTE,3183.48,347.39,281.91,91.7,12.04,88.59,4,1.53,765.24,15.39,70,281.91,25,5.55,25,30,110.37,31.64,252.32,0,30,782.88,9.77,MatchDay,33,0:49:44,107,73.11,347.39,0:00:00,59.34
Wednesday,14/08/2024,,MIGUEL CERA,CERA,LATERAL DERECHO,Entire Session,2800.39,114.89,114.89,4.27,3.77,11.16,1,0.73,470.72,15.33,56,114.89,19,4.8,19,26,91.87,25.92,98.71,0.03,26,485.35,3.77,MatchDay,33,0:30:42,107,4.27,114.89,0:00:00,42.6
Wednesday,14/08/2024,20,García Dario,Dario,CENTROCAMPISTA,Entire Session,8364.94,423.92,206.97,42.19,4.62,96.62,5,1.55,1639.5,17.85,182,206.97,54,4.66,54,71,91.2,28.51,647.99,-0.07,71,1699.88,2.26,MatchDay,33,1:31:50,255,0,423.92,0:00:00,136
Wednesday,14/08/2024,,ERIC IGLESIAS,IGLESIAS,DELANTERO,Entire Session,5243.4,270.32,270.32,62.89,5.35,83.12,3,0.87,843.1,16.63,94,270.32,26,5.73,26,45,103.69,28.73,225.23,-0.02,45,883.21,5.35,MatchDay,33,0:50:42,132,62.89,270.32,0:00:00,76.37
Wednesday,14/08/2024,12, Gallar,Gallar,LATERAL DERECHO,Entire Session,3981.05,221.06,136.04,15.67,5.68,19.62,2,1.1,677.22,17.35,81,136.04,18,5.56,18,28,102.28,29.52,217.46,0,28,704.94,3.5,MatchDay,33,0:39:02,98,0,221.06,0:00:00,62.63
Wednesday,14/08/2024,,ALEJANDRO HERRANZ,HERRANZ,LATERAL IZQUIERDO,Entire Session,10400.13,722.34,722.34,181.04,6.15,279.22,12,0.38,1708.69,14.51,167,722.34,69,5.91,69,65,88.58,31.1,194.55,0.02,65,1773.54,6.15,MatchDay,33,1:57:47,301,181.04,722.34,0:00:00,126.61
Wednesday,14/08/2024,4,Ablanque Ablanque,Ablanque,CENTRAL,Entire Session,2738.76,71.78,62.33,11.19,1.95,19.28,2,0.5,427.08,3.51,55,62.33,24,4.69,24,20,74.39,29.56,64.92,-0.06,20,442.28,1.69,MatchDay,33,2:01:42,90,0,71.78,0:00:00,37.37
Wednesday,14/08/2024,,ALEX KREHL,KREHL,DELANTERO,Entire Session,8664.95,733.58,733.58,64.88,8.61,87.98,5,1.05,2096.22,24.57,208,733.58,88,7.19,88,91,101.73,29.81,470.32,0.08,91,2171.77,8.61,MatchDay,33,1:25:18,277,64.88,733.58,0:00:00,136.72
Wednesday,14/08/2024,,MANUEL MARQUEZ,MARQUEZ,EXTREMO,Entire Session,8447.46,816.1,816.1,205.46,6.97,312.82,13,1.37,1830.5,15.53,168,816.1,41,5.34,41,70,72.16,32.47,589.15,-0.01,70,1887.8,6.97,MatchDay,33,1:57:52,205,205.46,816.1,0:00:00,146.77
Wednesday,14/08/2024,,MANU RAMIREZ,RAMIREZ,EXTREMO,Entire Session,3329.65,179.73,179.73,13.08,5.88,23.9,2,1.06,726.78,23.7,83,179.73,24,5.14,24,34,109.02,27.04,176.29,-0.05,34,758.36,5.88,MatchDay,33,0:30:39,124,13.08,179.73,0:00:00,52.81
Wednesday,14/08/2024,,ALEJANDRO DOMINGO,DOMINGO,EXTREMO,Entire Session,3332.9,130.21,130.21,13.76,3.82,18.03,1,1.68,567.98,16.59,65,130.21,30,4.89,30,25,97.71,27.14,275.65,-0.01,25,592.14,3.82,MatchDay,33,0:34:13,101,13.76,130.21,0:00:00,60.6
Wednesday,14/08/2024,,JESUS SANCHEZ,SANCHEZ,CENTRAL,Entire Session,10394.98,430.47,430.47,95.62,3.66,151.93,8,0.54,1603.33,13.61,171,430.47,57,5.06,57,67,88.34,30.02,274.17,-0.03,67,1675.86,3.66,MatchDay,33,1:57:47,296,95.62,430.47,0:00:00,140.91
Wednesday,14/08/2024,,ANTONIO CALVO,CALVO,CENTROCAMPISTA,Entire Session,5997.71,563.26,563.26,150.46,9.15,215.62,9,1,1357.14,22,137,563.26,36,5.39,36,37,97.45,31.25,310.13,-0.08,37,1409.44,9.15,MatchDay,33,1:01:40,149,150.46,563.26,0:00:00,92.15
Wednesday,14/08/2024,,UNAX ALVAREZ,ALVAREZ,EXTREMO,Entire Session,8260.07,686.52,686.52,139.59,8.04,206.75,9,1.38,1687.59,19.73,164,686.52,66,5.95,66,62,96.7,30.13,574.47,-0.04,62,1733.81,8.04,MatchDay,33,1:25:32,244,139.59,686.52,0:00:00,146.82
Wednesday,14/08/2024,,MIGUEL CERA,CERA,LATERAL DERECHO,PRIMERA PARTE,0,0,0,0,0,0,0,0,0,0,0,0,0,0,0,0,0,0,0,0,0,0,0,MatchDay,33,0:49:27,0,0,0,0:00:00,0
Wednesday,14/08/2024,20,García Dario,Dario,CENTROCAMPISTA,PRIMERA PARTE,5712.62,312.39,164.62,36.47,6.32,66.92,4,1.63,1241.04,25.09,139,164.62,37,4.66,37,50,115.49,28.51,472.63,-0.08,50,1283.24,3.33,MatchDay,33,0:49:27,174,0,312.39,0:00:00,95.55
Wednesday,14/08/2024,,ERIC IGLESIAS,IGLESIAS,DELANTERO,PRIMERA PARTE,0,0,0,0,0,0,0,0,0,0,0,0,0,0,0,0,0,0,0,0,0,0,0,MatchDay,33,0:49:27,0,0,0,0:00:00,0
Wednesday,14/08/2024,12, Gallar,Gallar,LATERAL DERECHO,PRIMERA PARTE,3979.33,221.06,136.04,15.67,5.71,19.62,2,1.1,677.22,13.69,81,136.04,18,5.56,18,28,102.77,29.52,217.43,0,28,704.94,3.51,MatchDay,33,0:49:27,97,0,221.06,0:00:00,62.58
Wednesday,14/08/2024,,ALEJANDRO HERRANZ,HERRANZ,LATERAL IZQUIERDO,PRIMERA PARTE,5178,475.38,475.38,126.56,9.61,182.94,8,0.41,995.82,20.13,95,475.38,35,5.81,35,37,104.68,30.92,108.1,0.04,37,1029.71,9.61,MatchDay,33,0:49:27,160,126.56,475.38,0:00:00,64.86
Wednesday,14/08/2024,4,Ablanque Ablanque,Ablanque,CENTRAL,PRIMERA PARTE,0,0,0,0,0,0,0,0,0,0,0,0,0,0,0,0,0,0,0,0,0,0,0,MatchDay,33,0:49:27,0,0,0,0:00:00,0
Wednesday,14/08/2024,,ALEX KREHL,KREHL,DELANTERO,PRIMERA PARTE,5848.46,520.98,520.98,62.74,10.55,87.98,5,1.11,1487.46,30.07,149,520.98,62,7.19,62,65,118.48,29.81,337.3,0.08,65,1538.65,10.55,MatchDay,33,0:49:27,188,62.74,520.98,0:00:00,95.05
Wednesday,14/08/2024,,MANUEL MARQUEZ,MARQUEZ,EXTREMO,PRIMERA PARTE,5556.36,532.16,532.16,69.67,10.76,136.68,8,1.41,1257.29,25.42,125,532.16,30,5.32,30,52,112.33,27.72,402.24,-0.02,52,1296.67,10.76,MatchDay,33,0:49:27,148,69.67,532.16,0:00:00,97.62
Wednesday,14/08/2024,,MANU RAMIREZ,RAMIREZ,EXTREMO,PRIMERA PARTE,0,0,0,0,0,0,0,0,0,0,0,0,0,0,0,0,0,0,0,0,0,0,0,MatchDay,33,0:49:27,0,0,0,0:00:00,0
Wednesday,14/08/2024,,ALEJANDRO DOMINGO,DOMINGO,EXTREMO,PRIMERA PARTE,0,0,0,0,0,0,0,0,0,0,0,0,0,0,0,0,0,0,0,0,0,0,0,MatchDay,33,0:49:27,0,0,0,0:00:00,0
Wednesday,14/08/2024,,JESUS SANCHEZ,SANCHEZ,CENTRAL,PRIMERA PARTE,5241.53,202.63,202.63,21.04,4.1,56.45,3,0.49,888.6,17.96,96,202.63,32,4.9,32,33,105.96,28.51,127.87,-0.05,33,929.6,4.1,MatchDay,33,0:49:27,144,21.04,202.63,0:00:00,71.19
Wednesday,14/08/2024,,ANTONIO CALVO,CALVO,CENTROCAMPISTA,PRIMERA PARTE,5849.35,563.26,563.26,150.46,11.39,215.62,9,1.02,1357.14,27.44,137,563.26,36,5.39,36,37,118.25,31.25,309.62,-0.08,37,1409.44,11.39,MatchDay,33,0:49:27,147,150.46,563.26,0:00:00,90.57
Wednesday,14/08/2024,,UNAX ALVAREZ,ALVAREZ,EXTREMO,PRIMERA PARTE,5658.86,415.43,415.43,72.93,8.4,105.29,5,1.35,1133.53,22.92,115,415.43,44,5.36,44,46,114.4,30.13,385.71,-0.04,46,1165.9,8.4,MatchDay,33,0:49:27,170,72.93,415.43,0:00:00,101.11
Wednesday,14/08/2024,,MIGUEL CERA,CERA,LATERAL DERECHO,SEGUNDA PARTE,2749.95,114.89,114.89,4.27,3.94,11.16,1,0.74,470.72,9.74,56,114.89,19,4.8,19,26,94.32,25.92,98.49,0.03,26,485.35,3.94,MatchDay,33,0:48:19,106,4.27,114.89,0:00:00,41.65
Wednesday,14/08/2024,20,García Dario,Dario,CENTROCAMPISTA,SEGUNDA PARTE,2224.22,111.53,42.35,5.72,4.35,29.7,1,1.56,397.31,8.22,43,42.35,17,4.46,17,21,86.79,27.4,171.56,-0.06,21,415.5,1.65,MatchDay,33,0:48:19,75,0,111.53,0:00:00,36.95
Wednesday,14/08/2024,,ERIC IGLESIAS,IGLESIAS,DELANTERO,SEGUNDA PARTE,5166.94,270.32,270.32,62.89,5.59,83.12,3,0.87,840.89,17.4,93,270.32,26,5.73,26,45,106.91,28.73,223.24,-0.02,45,880.99,5.59,MatchDay,33,0:48:19,129,62.89,270.32,0:00:00,74.63
Wednesday,14/08/2024,12, Gallar,Gallar,LATERAL DERECHO,SEGUNDA PARTE,0,0,0,0,0,0,0,0,0,0,0,0,0,0,0,0,0,0,0,0,0,0,0,MatchDay,33,0:48:19,0,0,0,0:00:00,0
Wednesday,14/08/2024,,ALEJANDRO HERRANZ,HERRANZ,LATERAL IZQUIERDO,SEGUNDA PARTE,4654.08,246.96,246.96,54.48,5.11,96.28,4,0.38,690.43,14.28,68,246.96,31,5.91,31,26,96.29,31.1,85.17,0,26,720.69,5.11,MatchDay,33,0:48:19,130,54.48,246.96,0:00:00,57.5
Wednesday,14/08/2024,4,Ablanque Ablanque,Ablanque,CENTRAL,SEGUNDA PARTE,2629.06,71.78,62.33,11.19,2.44,19.28,2,0.51,427.08,8.84,55,62.33,24,4.69,24,20,89.29,29.56,64.71,-0.06,20,442.28,2.12,MatchDay,33,0:48:19,90,0,71.78,0:00:00,35.59
Wednesday,14/08/2024,,ALEX KREHL,KREHL,DELANTERO,SEGUNDA PARTE,2411.52,212.6,212.6,2.14,10.81,0,0,1.02,608.54,12.59,59,212.6,26,5.06,26,26,122.59,26.21,129.75,0.09,26,632.65,10.81,MatchDay,33,0:48:19,82,2.14,212.6,0:00:00,38.13
Wednesday,14/08/2024,,MANUEL MARQUEZ,MARQUEZ,EXTREMO,SEGUNDA PARTE,2466.72,283.95,283.95,135.79,5.88,176.14,5,1.43,572.45,11.84,43,283.95,11,5.34,11,18,51.04,32.47,183.37,0,18,590.13,5.88,MatchDay,33,0:48:19,56,135.79,283.95,0:00:00,44.38
Wednesday,14/08/2024,,MANU RAMIREZ,RAMIREZ,EXTREMO,SEGUNDA PARTE,3290.08,179.73,179.73,13.08,6.13,23.9,2,1.06,726.47,15.03,83,179.73,24,5.14,24,34,112.21,27.04,176.08,-0.05,34,758.05,6.13,MatchDay,33,0:48:19,124,13.08,179.73,0:00:00,52.22
Wednesday,14/08/2024,,ALEJANDRO DOMINGO,DOMINGO,EXTREMO,SEGUNDA PARTE,3206.55,130.21,130.21,13.76,4.48,18.03,1,1.73,566.45,11.72,65,130.21,30,4.89,30,25,110.22,27.14,274.77,-0.01,25,590.32,4.48,MatchDay,33,0:48:19,100,13.76,130.21,0:00:00,58.14
Wednesday,14/08/2024,,JESUS SANCHEZ,SANCHEZ,CENTRAL,SEGUNDA PARTE,4636.59,227.83,227.83,74.58,4.71,95.47,5,0.63,714.73,14.79,75,227.83,25,5.06,25,34,95.93,30.02,142.34,-0.01,34,746.26,4.71,MatchDay,33,0:48:19,152,74.58,227.83,0:00:00,63.82
Wednesday,14/08/2024,,ANTONIO CALVO,CALVO,CENTROCAMPISTA,SEGUNDA PARTE,0,0,0,0,0,0,0,0,0,0,0,0,0,0,0,0,0,0,0,0,0,0,0,MatchDay,33,0:48:19,0,0,0,0:00:00,0
Wednesday,14/08/2024,,UNAX ALVAREZ,ALVAREZ,EXTREMO,SEGUNDA PARTE,2227.6,271.08,271.08,66.65,13.76,101.46,4,1.62,554.06,11.46,49,271.08,22,5.95,22,16,113.1,28.87,186.81,-0.04,16,567.92,13.76,MatchDay,33,0:48:19,72,66.65,271.08,0:00:00,42.85
Sunday,18/08/2024,,Borja Diaz,Diaz,CENTROCAMPISTA,Entire Session,9801.95,489.14,489.14,48.29,3.95,80.73,5,1.26,1826.68,13.99,189,489.14,62,5.28,62,73,79.18,29.66,621.45,-0.01,73,1915.01,3.95,MatchDay,33,2:10:36,255,48.29,489.14,0:00:00,164.27
Sunday,18/08/2024,,ALEJANDRO CANIZO,CANIZO,DELANTERO,Entire Session,9940.83,547.36,547.36,88.33,4.47,115.31,8,1.44,1732.22,13.26,181,547.36,55,6.32,55,93,81.12,33.44,707.7,0,93,1793.02,4.47,MatchDay,33,2:10:36,258,88.33,547.36,0:00:00,152.1
Sunday,18/08/2024,,MIGUEL CERA,CERA,LATERAL DERECHO,Entire Session,10728.01,623.74,623.74,111.98,5.2,169.71,8,0.86,2118.57,16.22,235,623.74,80,5.62,80,94,89.39,30.31,455.38,0.05,94,2197.41,5.2,MatchDay,33,2:10:36,338,111.98,623.74,0:00:00,163.43
Sunday,18/08/2024,20,García Dario,Dario,CENTROCAMPISTA,Entire Session,2148.18,161.45,102.45,34.6,7.65,52.66,2,1.55,461.19,3.53,47,102.45,25,5.38,25,23,101.77,28.87,168.22,-0.04,23,472.2,4.85,MatchDay,33,2:10:36,67,0.8,161.45,0:00:00,36.75
Sunday,18/08/2024,12, Gallar,Gallar,LATERAL DERECHO,Entire Session,2790.86,12.03,2.99,0,0.22,0,0,1.07,435.11,3.33,61,2.99,23,4.58,23,17,50.68,21.92,142.35,-0.01,17,451.11,0.05,MatchDay,33,2:10:36,99,0,12.03,0:00:00,44.99
Sunday,18/08/2024,,ALEJANDRO HERRANZ,HERRANZ,LATERAL IZQUIERDO,Entire Session,6427.83,570.73,570.73,108.56,7,146.49,7,0.42,1352.57,10.36,136,570.73,68,5.77,68,70,78.88,32.62,136.06,-0.02,70,1388.9,7,MatchDay,33,2:10:36,212,108.56,570.73,0:00:00,81.54
Sunday,18/08/2024,4,Ablanque Ablanque,Ablanque,CENTRAL,Entire Session,9652.45,437.52,361.52,100.91,3.36,127.02,7,0.55,1410.41,10.8,156,361.52,58,5.47,58,63,74.1,34.42,256.12,-0.06,63,1464.37,2.78,MatchDay,33,2:10:36,253,29.14,437.52,0:00:00,127.79
Sunday,18/08/2024,,JULIO MARTINEZ,MARTINEZ,LATERAL IZQUIERDO,Entire Session,4151.24,235.39,235.39,47.06,4.68,60.08,3,0.95,836.22,6.4,86,235.39,34,5.44,34,41,82.52,28.3,195.84,0,41,860.51,4.68,MatchDay,33,2:10:36,146,47.06,235.39,0:00:00,65.34
Sunday,18/08/2024,,ALEX KREHL,KREHL,DELANTERO,Entire Session,1599.39,160.86,160.86,13.75,8.71,36.87,2,1.33,416.48,3.19,40,160.86,18,5.11,18,18,86.58,27.65,110.3,0.09,18,428.17,8.71,MatchDay,33,2:10:36,54,13.75,160.86,0:00:00,28.26
Sunday,18/08/2024,,MANUEL MARQUEZ,MARQUEZ,EXTREMO,Entire Session,9671.2,771.15,592.66,77.63,6.44,46.84,2,1.17,1924.18,14.73,189,592.66,70,5.98,70,82,80.76,31.64,562.26,0.05,82,1981.27,4.95,MatchDay,33,2:10:36,275,44.84,771.15,0:00:00,160.45
Sunday,18/08/2024,,MANU RAMIREZ,RAMIREZ,EXTREMO,Entire Session,7090.08,261.44,261.44,3.55,3.27,17.99,2,1.07,1276.2,9.77,149,261.44,45,5.39,45,58,88.8,25.81,373.77,-0.05,58,1323.5,3.27,MatchDay,33,2:10:36,223,3.55,261.44,0:00:00,112.47
Sunday,18/08/2024,,ROJO ,,CENTROCAMPISTA,Entire Session,12000.25,606.24,606.24,80.43,4.99,112.29,5,0.94,2410.11,18.45,271,606.24,76,5.58,76,108,98.7,30.01,564.54,-0.02,108,2496.48,4.99,MatchDay,33,2:10:36,377,80.43,606.24,0:00:00,186.52
Sunday,18/08/2024,,JESUS SANCHEZ,SANCHEZ,CENTRAL,Entire Session,8715.22,462.98,462.98,44.52,3.72,111.99,8,0.51,1465.54,11.22,160,462.98,61,5.72,61,69,69.97,29.63,215.25,-0.05,69,1524.96,3.72,MatchDay,33,2:10:36,266,44.52,462.98,0:00:00,116.37
Sunday,18/08/2024,,ANTONIO CALVO,CALVO,CENTROCAMPISTA,Entire Session,6061.53,336.06,336.06,13.14,6.01,16.51,2,0.77,1122.6,8.6,116,336.06,31,4.47,31,44,108.46,28.19,232.78,0.04,44,1169.78,6.01,MatchDay,33,2:10:36,158,13.14,336.06,0:00:00,88.38
Sunday,18/08/2024,,UNAX ALVAREZ,ALVAREZ,EXTREMO,Entire Session,5111.18,404.93,404.93,124.59,7.24,152.02,8,1.4,1071.77,8.21,114,404.93,58,5.99,58,46,91.4,32.29,358.42,-0.04,46,1097.38,7.24,MatchDay,33,2:10:36,156,124.59,404.93,0:00:00,92.39
Sunday,18/08/2024,,Borja Diaz,Diaz,CENTROCAMPISTA,PRIMERA PARTE,5308.63,186.31,186.31,11.5,3.83,21.35,2,1.26,1041.13,21.39,107,186.31,31,5.28,31,42,109.07,27.5,338.91,-0.01,42,1097.8,3.83,MatchDay,33,0:48:40,144,11.5,186.31,0:00:00,87.69
Sunday,18/08/2024,,ALEJANDRO CANIZO,CANIZO,DELANTERO,PRIMERA PARTE,5042.76,278.21,278.21,43.39,5.72,72.9,6,1.48,942.53,19.36,101,278.21,27,5.26,27,48,103.6,31.9,372.65,0.02,48,977.82,5.72,MatchDay,33,0:48:40,135,43.39,278.21,0:00:00,77.61
Sunday,18/08/2024,,MIGUEL CERA,CERA,LATERAL DERECHO,PRIMERA PARTE,4888.74,276.34,276.34,42.81,5.68,56.72,3,0.93,1013.28,20.82,114,276.34,42,5.62,42,45,100.44,30.31,227.52,0.05,45,1049.96,5.68,MatchDay,33,0:48:40,164,42.81,276.34,0:00:00,76.28
Sunday,18/08/2024,20,García Dario,Dario,CENTROCAMPISTA,PRIMERA PARTE,0,0,0,0,0,0,0,0,0,0,0,0,0,0,0,0,0,0,0,0,0,0,0,MatchDay,33,0:48:40,0,0,0,0:00:00,0
Sunday,18/08/2024,12, Gallar,Gallar,LATERAL DERECHO,PRIMERA PARTE,0,0,0,0,0,0,0,0,0,0,0,0,0,0,0,0,0,0,0,0,0,0,0,MatchDay,33,0:48:40,0,0,0,0:00:00,0
Sunday,18/08/2024,,ALEJANDRO HERRANZ,HERRANZ,LATERAL IZQUIERDO,PRIMERA PARTE,4679.73,440.99,440.99,63.83,9.06,87.91,5,0.39,1000.79,20.56,99,440.99,48,5.77,48,50,96.15,32.62,92.32,-0.02,50,1027.71,9.06,MatchDay,33,0:48:40,156,63.83,440.99,0:00:00,57.28
Sunday,18/08/2024,4,Ablanque Ablanque,Ablanque,CENTRAL,PRIMERA PARTE,4384.31,214.58,174.92,54.82,4.41,64.39,4,0.57,691.6,14.21,77,174.92,27,5.47,27,27,90.08,33.12,121.64,-0.07,27,714.95,3.59,MatchDay,33,0:48:40,118,7.77,214.58,0:00:00,59.53
Sunday,18/08/2024,,JULIO MARTINEZ,MARTINEZ,LATERAL IZQUIERDO,PRIMERA PARTE,0,0,0,0,0,0,0,0,0,0,0,0,0,0,0,0,0,0,0,0,0,0,0,MatchDay,33,0:48:40,0,0,0,0:00:00,0
Sunday,18/08/2024,,ALEX KREHL,KREHL,DELANTERO,PRIMERA PARTE,0,0,0,0,0,0,0,0,0,0,0,0,0,0,0,0,0,0,0,0,0,0,0,MatchDay,33,0:48:40,0,0,0,0:00:00,0
Sunday,18/08/2024,,MANUEL MARQUEZ,MARQUEZ,EXTREMO,PRIMERA PARTE,4758.12,370.66,277.18,23.54,7.62,19.62,1,1.25,977.97,20.09,95,277.18,34,5.98,34,36,97.76,30.13,297.83,0.05,36,1004.93,5.69,MatchDay,33,0:48:40,129,17.16,370.66,0:00:00,78.55
Sunday,18/08/2024,,MANU RAMIREZ,RAMIREZ,EXTREMO,PRIMERA PARTE,5194.08,220.76,220.76,2.13,4.54,9.69,1,1.14,1017.17,20.9,119,220.76,37,5.39,37,47,106.71,25.78,294.76,-0.05,47,1056.22,4.54,MatchDay,33,0:48:40,173,2.13,220.76,0:00:00,83.23
Sunday,18/08/2024,,ROJO ,,CENTROCAMPISTA,PRIMERA PARTE,5339.1,363.93,363.93,23.03,7.48,38.73,2,0.99,1140.63,23.43,121,363.93,38,4.76,38,53,109.69,29.34,267.75,-0.03,53,1175.8,7.48,MatchDay,33,0:48:40,172,23.03,363.93,0:00:00,84.66
Sunday,18/08/2024,,JESUS SANCHEZ,SANCHEZ,CENTRAL,PRIMERA PARTE,4662.51,254.59,254.59,20.8,5.23,34.45,3,0.52,815.54,16.75,90,254.59,33,5.72,33,37,95.79,29.63,119.4,-0.05,37,850.05,5.23,MatchDay,33,0:48:40,149,20.8,254.59,0:00:00,62.64
Sunday,18/08/2024,,ANTONIO CALVO,CALVO,CENTROCAMPISTA,PRIMERA PARTE,0,0,0,0,0,0,0,0,0,0,0,0,0,0,0,0,0,0,0,0,0,0,0,MatchDay,33,0:48:40,0,0,0,0:00:00,0
Sunday,18/08/2024,,UNAX ALVAREZ,ALVAREZ,EXTREMO,PRIMERA PARTE,0,0,0,0,0,0,0,0,0,0,0,0,0,0,0,0,0,0,0,0,0,0,0,MatchDay,33,0:48:40,0,0,0,0:00:00,0
Sunday,18/08/2024,,Borja Diaz,Diaz,CENTROCAMPISTA,SEGUNDA PARTE,4035.62,302.83,302.83,36.79,5.89,59.38,3,1.34,779.77,15.17,81,302.83,30,4.85,30,31,78.49,29.66,273.93,-0.01,31,811.03,5.89,MatchDay,33,0:51:25,105,36.79,302.83,0:00:00,70.07
Sunday,18/08/2024,,ALEJANDRO CANIZO,CANIZO,DELANTERO,SEGUNDA PARTE,4471.5,269.15,269.15,44.94,5.23,42.41,2,1.49,789.69,15.36,80,269.15,28,6.32,28,45,86.97,33.44,332.41,-0.01,45,815.2,5.23,MatchDay,33,0:51:25,120,44.94,269.15,0:00:00,68.11
Sunday,18/08/2024,,MIGUEL CERA,CERA,LATERAL DERECHO,SEGUNDA PARTE,5493.09,347.41,347.41,69.17,6.76,112.98,5,0.82,1090.65,21.21,118,347.41,38,4.9,38,48,106.84,30.28,223.63,0.04,48,1131.26,6.76,MatchDay,33,0:51:25,168,69.17,347.41,0:00:00,82.08
Sunday,18/08/2024,20,García Dario,Dario,CENTROCAMPISTA,SEGUNDA PARTE,2135.3,161.45,102.45,34.6,7.77,52.66,2,1.56,460.74,8.96,47,102.45,25,5.38,25,23,102.76,28.87,168.15,-0.04,23,471.76,4.93,MatchDay,33,0:51:25,66,0.8,161.45,0:00:00,36.49
Sunday,18/08/2024,12, Gallar,Gallar,LATERAL DERECHO,SEGUNDA PARTE,2665.24,12.03,2.99,0,0.23,0,0,1.11,435.11,8.46,61,2.99,23,4.58,23,17,51.84,21.92,142.31,-0.01,17,451.11,0.06,MatchDay,33,0:51:25,98,0,12.03,0:00:00,43.92
Sunday,18/08/2024,,ALEJANDRO HERRANZ,HERRANZ,LATERAL IZQUIERDO,SEGUNDA PARTE,1488.72,129.73,129.73,44.72,7.82,58.58,2,0.51,343.41,6.68,35,129.73,19,5.16,19,20,89.7,30.28,38.62,-0.01,20,352.53,7.82,MatchDay,33,0:51:25,50,44.72,129.73,0:00:00,19.34
Sunday,18/08/2024,4,Ablanque Ablanque,Ablanque,CENTRAL,SEGUNDA PARTE,4786.54,222.94,186.59,46.09,4.34,62.63,3,0.53,701.34,13.64,77,186.59,29,5.31,29,35,93.1,34.42,122.44,-0.06,35,731.28,3.63,MatchDay,33,0:51:25,122,21.37,222.94,0:00:00,61
Sunday,18/08/2024,,JULIO MARTINEZ,MARTINEZ,LATERAL IZQUIERDO,SEGUNDA PARTE,3914.5,235.39,235.39,47.06,6.23,60.08,3,0.97,836.22,16.26,86,235.39,34,5.44,34,41,103.61,28.3,191.22,-0.01,41,860.51,6.23,MatchDay,33,0:51:25,145,47.06,235.39,0:00:00,62.31
Sunday,18/08/2024,,ALEX KREHL,KREHL,DELANTERO,SEGUNDA PARTE,1407.69,160.86,160.86,13.75,13.79,36.87,2,1.43,416.48,8.1,40,160.86,18,5.11,18,18,120.66,27.65,106.83,0.08,18,428.17,13.79,MatchDay,33,0:51:25,54,13.75,160.86,0:00:00,24.85
Sunday,18/08/2024,,MANUEL MARQUEZ,MARQUEZ,EXTREMO,SEGUNDA PARTE,4499.72,400.48,315.49,54.08,7.79,27.22,1,1.12,936.81,18.22,92,315.49,35,4.79,35,45,87.52,31.64,253.16,0.06,45,966.94,6.14,MatchDay,33,0:51:25,139,27.69,400.48,0:00:00,74.65
Sunday,18/08/2024,,MANU RAMIREZ,RAMIREZ,EXTREMO,SEGUNDA PARTE,1678.17,40.67,40.67,1.42,2.51,8.3,1,0.9,257.66,5.01,30,40.67,7,4.53,7,11,103.59,25.81,74.22,-0.05,11,265.91,2.51,MatchDay,33,0:51:25,45,1.42,40.67,0:00:00,25.13
Sunday,18/08/2024,,ROJO ,,CENTROCAMPISTA,SEGUNDA PARTE,6243.42,242.31,242.31,57.4,4.71,73.56,3,0.93,1263.89,24.58,149,242.31,38,5.58,38,55,121.43,30.01,293.79,-0.02,55,1315.08,4.71,MatchDay,33,0:51:25,200,57.4,242.31,0:00:00,95.94
Sunday,18/08/2024,,JESUS SANCHEZ,SANCHEZ,CENTRAL,SEGUNDA PARTE,3492.09,162.53,162.53,20.91,3.16,49.12,4,0.52,590.69,11.49,64,162.53,26,4.82,26,28,67.92,28.01,88.57,-0.05,28,614.06,3.16,MatchDay,33,0:51:25,106,20.91,162.53,0:00:00,46.16
Sunday,18/08/2024,,ANTONIO CALVO,CALVO,CENTROCAMPISTA,SEGUNDA PARTE,5891.21,336.06,336.06,13.14,6.54,16.51,2,0.78,1121.92,21.82,116,336.06,31,4.47,31,44,114.58,28.19,229.54,0.04,44,1168.45,6.54,MatchDay,33,0:51:25,158,13.14,336.06,0:00:00,86.06
Sunday,18/08/2024,,UNAX ALVAREZ,ALVAREZ,EXTREMO,SEGUNDA PARTE,4894.35,404.93,404.93,124.59,8.51,152.02,8,1.45,1071.77,20.84,114,404.93,58,5.99,58,46,102.87,32.29,358.31,-0.04,46,1097.38,8.51,MatchDay,33,0:51:25,156,124.59,404.93,0:00:00,90.18
Tuesday,20/08/2024,,Borja Diaz,Diaz,CENTROCAMPISTA,Entire Session,2648.36,181.37,181.37,5.07,1.32,10.83,1,1.14,567.91,4.13,59,181.37,19,4.85,19,19,19.27,27.36,151.49,0,19,589.34,1.32,MatchDay,34,2:17:36,91,5.07,181.37,0:00:00,46.56
Tuesday,20/08/2024,20,García Dario,Dario,CENTROCAMPISTA,Entire Session,9329.89,365.75,196.07,36.36,3.21,50.25,3,1.51,1550.28,13.61,185,196.07,62,5.59,62,61,82.01,29.56,690.34,-0.06,61,1611.42,1.72,MatchDay,34,1:53:54,277,3.25,365.75,0:00:00,149.29
Tuesday,20/08/2024,,ERIC IGLESIAS,IGLESIAS,DELANTERO,Entire Session,4847.23,362.38,362.38,54.74,6.19,84.72,6,0.9,823.91,14.04,79,362.38,33,4.98,33,35,82.79,30.49,213.24,0.03,35,844.47,6.19,MatchDay,34,0:58:40,125,54.74,362.38,0:00:00,68
Tuesday,20/08/2024,12, Gallar,Gallar,LATERAL DERECHO,Entire Session,7845.01,377.02,248.44,56.83,3.39,79.31,4,1.11,1187.43,10.67,134,248.44,37,5.12,37,46,70.6,31.61,422.6,-0.09,46,1232.9,2.24,MatchDay,34,1:51:14,225,11.81,377.02,0:00:00,122.56
Tuesday,20/08/2024,,JULIO MARTINEZ,MARTINEZ,LATERAL IZQUIERDO,Entire Session,8660.24,763.64,763.64,124.15,5.64,241.46,12,0.7,1690.13,12.48,154,763.64,59,5.28,59,52,64.01,29.77,301.52,0.05,52,1751.93,5.64,MatchDay,34,2:15:24,232,124.15,763.64,0:00:00,119.76
Tuesday,20/08/2024,,ALEX KREHL,KREHL,DELANTERO,Entire Session,7790.41,711.99,711.99,104.37,7.83,193.04,8,0.96,1640.83,11.06,174,711.99,64,5.7,64,43,85.62,30.1,381.63,0.04,43,1691.68,7.83,MatchDay,34,2:28:25,208,104.37,711.99,0:00:00,117.06
Tuesday,20/08/2024,,MANU RAMIREZ,RAMIREZ,EXTREMO,Entire Session,3757.29,141.34,141.34,5.1,3.38,8.73,1,1.03,775.16,18.48,92,141.34,36,5,36,40,89.85,27.83,192.8,-0.04,40,804.81,3.38,MatchDay,34,0:41:56,128,5.1,141.34,0:00:00,58.69
Tuesday,20/08/2024,,ALEJANDRO DOMINGO,DOMINGO,EXTREMO,Entire Session,8912.81,517.79,517.79,84.31,3.81,126.92,7,1.38,1644.62,12.09,168,517.79,50,5.57,50,56,65.59,30.71,614.74,-0.01,56,1702.14,3.81,MatchDay,34,2:16:01,235,84.31,517.79,0:00:00,149.92
Tuesday,20/08/2024,,ANTONIO CALVO,CALVO,CENTROCAMPISTA,Entire Session,8252.84,646.32,646.32,128.29,4.71,190.68,8,0.97,1600.6,11.65,165,646.32,32,5.99,32,43,60.15,31.9,407.51,-0.03,43,1669.37,4.71,MatchDay,34,2:17:21,202,128.29,646.32,0:00:00,121.89
Tuesday,20/08/2024,,UNAX ALVAREZ,ALVAREZ,EXTREMO,Entire Session,7009.74,610.91,610.91,124.41,6.04,184,9,1.73,1403.07,13.85,130,610.91,51,5.18,51,45,69.27,31.64,605.91,-0.04,45,1439.49,6.04,MatchDay,34,1:41:19,188,124.41,610.91,0:00:00,125.89
Tuesday,20/08/2024,,ALEJANDRO HERRANZ,HERRANZ,LATERAL IZQUIERDO,Entire Session,2283.64,201.28,201.28,53.77,6.12,84.37,5,0.41,525.35,15.9,53,201.28,25,5.88,25,24,69.38,29.02,47.99,0.01,24,539.2,6.12,MatchDay,34,0:33:02,81,53.77,201.28,0:00:00,30.67
Tuesday,20/08/2024,,JESUS SANCHEZ,SANCHEZ,CENTRAL,Entire Session,2326.69,71.02,71.02,0,1.86,0,0,0.61,453.03,11.83,49,71.02,22,5.57,22,20,60.95,24.91,69.48,-0.05,20,468.28,1.86,MatchDay,34,0:38:18,81,0,71.02,0:00:00,35.07
Tuesday,20/08/2024,,Borja Diaz,Diaz,CENTROCAMPISTA,PRIMERA PARTE,29.18,0,0,0,0,0,0,1.17,0,0,0,0,1,3.67,1,0,0.59,9.22,1.43,1,0,0,0,MatchDay,34,0:49:38,6,0,0,0:00:00,1.19
Tuesday,20/08/2024,20,García Dario,Dario,CENTROCAMPISTA,PRIMERA PARTE,5210.99,246.7,126.03,11.61,4.97,14.05,1,1.57,920.19,18.54,104,126.03,32,4.88,32,37,104.98,27.79,401.92,-0.07,37,950.14,2.54,MatchDay,34,0:49:38,153,0,246.7,0:00:00,85.1
Tuesday,20/08/2024,,ERIC IGLESIAS,IGLESIAS,DELANTERO,PRIMERA PARTE,0,0,0,0,0,0,0,0,0,0,0,0,0,0,0,0,0,0,0,0,0,0,0,MatchDay,34,0:49:38,0,0,0,0:00:00,0
Tuesday,20/08/2024,12, Gallar,Gallar,LATERAL DERECHO,PRIMERA PARTE,4906.95,251.5,165.63,45.21,5.07,65.59,3,1.17,788.1,15.88,88,165.63,22,5.12,22,33,98.86,31.61,281.53,-0.09,33,816.84,3.34,MatchDay,34,0:49:38,145,11.81,251.5,0:00:00,77.67
Tuesday,20/08/2024,,JULIO MARTINEZ,MARTINEZ,LATERAL IZQUIERDO,PRIMERA PARTE,5309.41,529.1,529.1,94.26,10.66,171.31,9,0.77,1147.85,23.12,101,529.1,35,4.98,35,38,106.97,29.7,206.51,0.05,38,1190.97,10.66,MatchDay,34,0:49:38,148,94.26,529.1,0:00:00,74.02
Tuesday,20/08/2024,,ALEX KREHL,KREHL,DELANTERO,PRIMERA PARTE,5671.62,549,549,80.1,11.06,151.25,7,1,1265.87,25.5,134,549,53,5.7,53,36,114.26,30.1,292.74,0.05,36,1306.06,11.06,MatchDay,34,0:49:38,164,80.1,549,0:00:00,85.7
Tuesday,20/08/2024,,MANU RAMIREZ,RAMIREZ,EXTREMO,PRIMERA PARTE,0,0,0,0,0,0,0,0,0,0,0,0,0,0,0,0,0,0,0,0,0,0,0,MatchDay,34,0:49:38,0,0,0,0:00:00,0
Tuesday,20/08/2024,,ALEJANDRO DOMINGO,DOMINGO,EXTREMO,PRIMERA PARTE,5537.5,311.56,311.56,32.58,6.28,57.18,3,1.51,1030.66,20.76,115,311.56,31,5.57,31,29,111.56,28.98,422.29,-0.01,29,1067.15,6.28,MatchDay,34,0:49:38,148,32.58,311.56,0:00:00,92.82
Tuesday,20/08/2024,,ANTONIO CALVO,CALVO,CENTROCAMPISTA,PRIMERA PARTE,5632.68,419.28,419.28,51.65,8.45,90.84,5,1.02,1170.25,23.57,126,419.28,25,5.99,25,36,113.48,28.84,294.97,-0.03,36,1220.82,8.45,MatchDay,34,0:49:38,156,51.65,419.28,0:00:00,82.42
Tuesday,20/08/2024,,UNAX ALVAREZ,ALVAREZ,EXTREMO,PRIMERA PARTE,5218.41,460.03,460.03,79.89,9.27,114.3,6,1.76,1092.49,22.01,98,460.03,41,5.18,41,36,105.13,30.1,462.27,-0.04,36,1123.84,9.27,MatchDay,34,0:49:38,142,79.89,460.03,0:00:00,93.07
Tuesday,20/08/2024,,Borja Diaz,Diaz,CENTROCAMPISTA,SEGUNDA PARTE,2469.44,181.37,181.37,5.07,3.57,10.83,1,1.17,565.3,11.11,58,181.37,18,4.85,18,19,48.55,27.36,146.27,-0.01,19,586.73,3.57,MatchDay,34,0:50:51,84,5.07,181.37,0:00:00,41.52
Tuesday,20/08/2024,20,García Dario,Dario,CENTROCAMPISTA,SEGUNDA PARTE,3619.77,119.07,70.03,24.76,3.16,36.2,2,1.57,614.87,12.09,78,70.03,30,5.59,30,23,95.96,29.56,278.18,-0.06,23,644.32,1.86,MatchDay,34,0:50:51,119,3.25,119.07,0:00:00,56.82
Tuesday,20/08/2024,,ERIC IGLESIAS,IGLESIAS,DELANTERO,SEGUNDA PARTE,4768.9,362.38,362.38,54.74,7.12,84.72,6,0.91,823.91,16.2,79,362.38,33,4.98,33,35,93.76,30.49,212.88,0.03,35,844.47,7.12,MatchDay,34,0:50:51,123,54.74,362.38,0:00:00,66.72
Tuesday,20/08/2024,12, Gallar,Gallar,LATERAL DERECHO,SEGUNDA PARTE,2389.15,105.68,67.54,11.62,2.87,13.72,1,1.07,345.62,6.79,42,67.54,15,5.05,15,12,64.99,27.76,124.38,-0.08,12,362.03,1.84,MatchDay,34,0:50:51,70,0,105.68,0:00:00,37.62
Tuesday,20/08/2024,,JULIO MARTINEZ,MARTINEZ,LATERAL IZQUIERDO,SEGUNDA PARTE,2651.87,223.16,223.16,29.89,4.39,70.15,3,0.61,497.91,9.79,48,223.16,23,5.28,23,11,52.14,29.77,80.72,0.07,11,515.63,4.39,MatchDay,34,0:50:51,71,29.89,223.16,0:00:00,34.84
Tuesday,20/08/2024,,ALEX KREHL,KREHL,DELANTERO,SEGUNDA PARTE,1601.21,157.92,157.92,24.27,10.84,41.79,1,0.93,347.77,6.84,36,157.92,9,4.68,9,6,109.89,28.73,76.79,0.02,6,358.16,10.84,MatchDay,34,0:50:51,39,24.27,157.92,0:00:00,23.5
Tuesday,20/08/2024,,MANU RAMIREZ,RAMIREZ,EXTREMO,SEGUNDA PARTE,3751.76,141.34,141.34,5.1,3.65,8.73,1,1.03,775.16,15.24,92,141.34,36,5,36,40,96.99,27.83,192.79,-0.04,40,804.81,3.65,MatchDay,34,0:50:51,128,5.1,141.34,0:00:00,58.17
Tuesday,20/08/2024,,ALEJANDRO DOMINGO,DOMINGO,EXTREMO,SEGUNDA PARTE,2801.14,206.23,206.23,51.74,4.05,69.74,4,1.25,587.83,11.56,50,206.23,18,5.35,18,25,55.07,30.71,175.24,-0.01,25,607.77,4.05,MatchDay,34,0:50:51,76,51.74,206.23,0:00:00,45.5
Tuesday,20/08/2024,,ANTONIO CALVO,CALVO,CENTROCAMPISTA,SEGUNDA PARTE,1736.66,203.37,203.37,76.64,4,99.85,3,0.98,372.94,7.33,35,203.37,6,5,6,6,34.14,31.9,87.18,-0.04,6,390.6,4,MatchDay,34,0:50:51,34,76.64,203.37,0:00:00,25.83
Tuesday,20/08/2024,,UNAX ALVAREZ,ALVAREZ,EXTREMO,SEGUNDA PARTE,1392.71,150.88,150.88,44.52,6.05,69.71,3,1.81,289.81,5.7,29,150.88,9,4.77,9,8,55.85,31.64,127.92,-0.05,8,294.19,6.05,MatchDay,34,0:50:51,38,44.52,150.88,0:00:00,26.33
Tuesday,20/08/2024,,ALEJANDRO HERRANZ,HERRANZ,LATERAL IZQUIERDO,SEGUNDA PARTE,2216.99,201.28,201.28,53.77,8.35,84.37,5,0.42,525.35,21.79,53,201.28,25,5.88,25,24,91.97,29.02,47.66,0.01,24,539.2,8.35,MatchDay,34,0:24:06,81,53.77,201.28,0:00:00,28.47
Tuesday,20/08/2024,,JESUS SANCHEZ,SANCHEZ,CENTRAL,SEGUNDA PARTE,2197.75,71.02,71.02,0,2.99,0,0,0.64,453.03,18.79,49,71.02,22,5.57,22,20,92.4,24.91,69.3,-0.05,20,468.28,2.99,MatchDay,34,0:24:06,81,0,71.02,0:00:00,32.03
Sunday,25/08/2024,,MIGUEL CERA,CERA,LATERAL DERECHO,Entire Session,11569.89,991.43,991.43,283.41,7.1,370.56,15,0.71,2303.43,16.49,221,991.43,68,5.52,68,96,82.89,31.25,410.84,0.03,96,2371.84,7.1,MatchDay,34,2:19:41,295,283.41,991.43,0:00:00,155.76
Sunday,25/08/2024,20,García Dario,Dario,CENTROCAMPISTA,Entire Session,6887.81,343.31,205.74,43.61,4.51,47.77,3,1.52,1344.84,17.65,155,205.74,60,5.31,60,43,90.55,28.19,517.88,-0.04,43,1398.86,2.7,MatchDay,34,1:16:12,217,0,343.31,0:00:00,110.5
Sunday,25/08/2024,,ERIC IGLESIAS,IGLESIAS,DELANTERO,Entire Session,4397.77,363.32,363.32,55.21,5.55,121.76,4,0.84,774.46,11.8,64,363.32,30,5.78,30,30,67.12,27.97,181.13,-0.03,30,800.22,5.55,MatchDay,34,1:05:38,100,55.21,363.32,0:00:00,62.03
Sunday,25/08/2024,12, Gallar,Gallar,LATERAL DERECHO,Entire Session,9856.28,624.01,478.93,172.61,4.39,215.5,11,1.02,1459.12,10.25,161,478.93,60,5.29,60,47,69.28,33.98,487.8,-0.06,47,1508.7,3.37,MatchDay,34,2:22:23,255,39.84,624.01,0:00:00,145.74
Sunday,25/08/2024,4,Ablanque Ablanque,Ablanque,CENTRAL,Entire Session,9885.34,552.79,480.61,176,3.92,214,12,0.54,1364.44,9.66,143,480.61,59,5.34,59,50,70.03,32.94,254.53,-0.03,50,1410.15,3.4,MatchDay,34,2:21:18,213,29.54,552.79,0:00:00,123.44
Sunday,25/08/2024,,JULIO MARTINEZ,MARTINEZ,LATERAL IZQUIERDO,Entire Session,11646.27,1082.27,1082.27,243.85,7.68,353.5,16,1.03,2351.48,16.65,224,1082.27,76,5.18,76,74,82.6,31.28,600.79,0.05,74,2427.73,7.68,MatchDay,34,2:21:12,336,243.85,1082.27,0:00:00,166.32
Sunday,25/08/2024,,ALEX KREHL,KREHL,DELANTERO,Entire Session,8003.35,790.14,790.14,167.5,9.14,226.93,12,1.05,1840.15,21.25,181,790.14,64,5.55,64,80,92.56,32.44,431.89,0.03,80,1890.71,9.14,MatchDay,34,1:26:35,226,167.5,790.14,0:00:00,123.81
Sunday,25/08/2024,,MANUEL MARQUEZ,MARQUEZ,EXTREMO,Entire Session,7284.4,615.17,489.5,99.78,4.4,72.19,5,1.27,1550.61,11.08,156,489.5,50,4.58,50,66,52.09,28.98,464.29,0.05,66,1591.59,3.5,MatchDay,34,2:19:59,208,49.85,615.17,0:00:00,121.72
Sunday,25/08/2024,,MANU RAMIREZ,RAMIREZ,EXTREMO,Entire Session,11733.97,564.2,564.2,60.75,4.28,96.73,6,1.12,2235.05,16.95,244,564.2,72,5.32,72,79,89.07,28.62,652.27,-0.03,79,2320.97,4.28,MatchDay,34,2:11:53,340,60.75,564.2,0:00:00,179.64
Sunday,25/08/2024,,ALEJANDRO DOMINGO,DOMINGO,EXTREMO,Entire Session,9708.56,579.81,579.81,61.43,4.05,107.2,5,1.44,1842.07,12.85,201,579.81,63,5.77,63,62,67.8,31.46,697.27,-0.06,62,1909.16,4.05,MatchDay,34,2:23:20,269,61.43,579.81,0:00:00,162.78
Sunday,25/08/2024,,ROJO ,,CENTROCAMPISTA,Entire Session,12065.98,614.18,614.18,22.12,4.39,75.99,5,0.94,2150.05,15.33,247,614.18,66,5.66,66,90,86.17,26.86,563.79,0.03,90,2234.24,4.39,MatchDay,34,2:20:15,332,22.12,614.18,0:00:00,177.29
Sunday,25/08/2024,,UNAX ALVAREZ,ALVAREZ,EXTREMO,Entire Session,3917.02,243.33,243.33,23.29,4.13,42.65,4,1.48,718.67,12.18,79,243.33,42,5.44,42,37,66.54,30.31,280.42,-0.02,37,736.15,4.13,MatchDay,34,0:58:59,124,23.29,243.33,0:00:00,68.4
Sunday,25/08/2024,,MIGUEL CERA,CERA,LATERAL DERECHO,PRIMERA PARTE,5415.48,487.23,487.23,80.79,9.78,113.57,5,0.75,1145.35,22.99,115,487.23,37,5.52,37,48,108.7,29.45,205.91,0.03,48,1185.64,9.78,MatchDay,34,0:49:49,137,80.79,487.23,0:00:00,73.55
Sunday,25/08/2024,20,García Dario,Dario,CENTROCAMPISTA,PRIMERA PARTE,5424.99,308.84,193.87,43.61,6.2,47.77,3,1.58,1113.57,22.35,126,193.87,47,5.31,47,31,108.9,28.19,430.29,-0.04,31,1159.28,3.89,MatchDay,34,0:49:49,168,0,308.84,0:00:00,88.42
Sunday,25/08/2024,,ERIC IGLESIAS,IGLESIAS,DELANTERO,PRIMERA PARTE,0,0,0,0,0,0,0,0,0,0,0,0,0,0,0,0,0,0,0,0,0,0,0,MatchDay,34,0:49:49,0,0,0,0:00:00,0
Sunday,25/08/2024,12, Gallar,Gallar,LATERAL DERECHO,PRIMERA PARTE,4545.64,369.59,291.03,116.8,7.42,128.32,6,1.13,831.02,16.68,89,291.03,27,5.29,27,27,91.24,33.98,257.04,-0.07,27,856.15,5.84,MatchDay,34,0:49:49,138,38.14,369.59,0:00:00,70.09
Sunday,25/08/2024,4,Ablanque Ablanque,Ablanque,CENTRAL,PRIMERA PARTE,4461.99,299.83,264.02,105.74,6.02,131.22,7,0.57,663.62,13.32,68,264.02,28,5.29,28,22,89.57,32.94,125.25,-0.03,22,686.84,5.3,MatchDay,34,0:49:49,94,22.55,299.83,0:00:00,55.78
Sunday,25/08/2024,,JULIO MARTINEZ,MARTINEZ,LATERAL IZQUIERDO,PRIMERA PARTE,5323.69,631.02,631.02,149.99,12.67,224.36,9,1.17,1274.8,25.59,125,631.02,40,5.18,40,39,106.86,31.28,321.07,0.05,39,1309.95,12.67,MatchDay,34,0:49:49,176,149.99,631.02,0:00:00,80.97
Sunday,25/08/2024,,ALEX KREHL,KREHL,DELANTERO,PRIMERA PARTE,5612.07,582.41,582.41,133.4,11.69,176.86,9,1.08,1335.55,26.81,133,582.41,48,5.55,48,58,112.65,32.44,314.81,0.03,58,1370.35,11.69,MatchDay,34,0:49:49,156,133.4,582.41,0:00:00,85.51
Sunday,25/08/2024,,MANUEL MARQUEZ,MARQUEZ,EXTREMO,PRIMERA PARTE,5545.05,530.82,430.6,99.08,10.66,72.19,5,1.36,1312.13,26.34,130,430.6,43,4.58,43,63,111.31,28.98,385.33,0.05,63,1342.97,8.64,MatchDay,34,0:49:49,167,49.85,530.82,0:00:00,92.74
Sunday,25/08/2024,,MANU RAMIREZ,RAMIREZ,EXTREMO,PRIMERA PARTE,5561.72,249.95,249.95,18.39,5.02,24.29,2,1.12,1060.86,21.29,117,249.95,37,5.32,37,36,111.64,28.62,312.45,-0.03,36,1101.7,5.02,MatchDay,34,0:49:49,163,18.39,249.95,0:00:00,85.02
Sunday,25/08/2024,,ALEJANDRO DOMINGO,DOMINGO,EXTREMO,PRIMERA PARTE,5440.01,397.25,397.25,48.43,7.97,78.92,4,1.59,1161.39,23.31,122,397.25,39,5.77,39,38,109.2,31.46,440.95,-0.07,38,1198.3,7.97,MatchDay,34,0:49:49,151,48.43,397.25,0:00:00,91.48
Sunday,25/08/2024,,ROJO ,,CENTROCAMPISTA,PRIMERA PARTE,5693.52,419.06,419.06,15.66,8.41,36.84,3,1.02,1237.33,24.84,128,419.06,42,5.66,42,46,114.29,26.57,295.35,0.02,46,1284.25,8.41,MatchDay,34,0:49:49,169,15.66,419.06,0:00:00,87.71
Sunday,25/08/2024,,UNAX ALVAREZ,ALVAREZ,EXTREMO,PRIMERA PARTE,0,0,0,0,0,0,0,0,0,0,0,0,0,0,0,0,0,0,0,0,0,0,0,MatchDay,34,0:49:49,0,0,0,0:00:00,0
Sunday,25/08/2024,,MIGUEL CERA,CERA,LATERAL DERECHO,SEGUNDA PARTE,5349.8,504.21,504.21,202.62,9.58,256.98,10,0.75,1134.51,21.55,101,504.21,29,5.31,29,47,101.63,31.25,200.08,0.03,47,1162.63,9.58,MatchDay,34,0:52:38,151,202.62,504.21,0:00:00,73.95
Sunday,25/08/2024,20,García Dario,Dario,CENTROCAMPISTA,SEGUNDA PARTE,1082.83,34.48,11.87,0,3.23,0,0,1.52,226.76,4.31,28,11.87,13,4.52,13,12,101.56,23.44,80.85,-0.04,12,234.11,1.11,MatchDay,34,0:52:38,40,0,34.48,0:00:00,17.2
Sunday,25/08/2024,,ERIC IGLESIAS,IGLESIAS,DELANTERO,SEGUNDA PARTE,3901.73,363.32,363.32,55.21,8.45,121.76,4,0.92,773.8,14.7,64,363.32,30,5.78,30,30,90.73,27.97,179.42,-0.02,30,799.55,8.45,MatchDay,34,0:52:38,97,55.21,363.32,0:00:00,56.09
Sunday,25/08/2024,12, Gallar,Gallar,LATERAL DERECHO,SEGUNDA PARTE,4493.73,236.93,173.82,54.4,4.5,87.18,5,1.02,606.15,11.51,71,173.82,33,4.46,33,20,85.36,30.78,222.33,-0.05,20,627.74,3.3,MatchDay,34,0:52:38,111,1.7,236.93,0:00:00,67.16
Sunday,25/08/2024,4,Ablanque Ablanque,Ablanque,CENTRAL,SEGUNDA PARTE,4577.77,247.22,214.22,70.26,4.7,82.78,5,0.56,676.41,12.85,72,214.22,31,5.34,31,28,86.96,32.83,124.15,-0.03,28,698.61,4.07,MatchDay,34,0:52:38,109,7,247.22,0:00:00,57.98
Sunday,25/08/2024,,JULIO MARTINEZ,MARTINEZ,LATERAL IZQUIERDO,SEGUNDA PARTE,5264.43,382.27,382.27,45.3,7.26,80.27,6,1.01,989.9,18.8,95,382.27,34,5.01,34,34,100.01,31.25,265.79,0.05,34,1029.85,7.26,MatchDay,34,0:52:38,146,45.3,382.27,0:00:00,75.24
Sunday,25/08/2024,,ALEX KREHL,KREHL,DELANTERO,SEGUNDA PARTE,2074.87,207.72,207.72,34.1,9.87,50.07,3,0.98,496.26,9.43,47,207.72,16,4.74,16,22,98.56,29.34,105.26,0.04,22,511.23,9.87,MatchDay,34,0:52:38,60,34.1,207.72,0:00:00,31.79
Sunday,25/08/2024,,MANUEL MARQUEZ,MARQUEZ,EXTREMO,SEGUNDA PARTE,1208.28,84.34,58.91,0.7,1.6,0,0,1.2,232.23,4.41,25,58.91,6,4.43,6,3,22.95,25.27,72.85,0.05,3,242.1,1.12,MatchDay,34,0:52:38,34,0,84.34,0:00:00,20.48
Sunday,25/08/2024,,MANU RAMIREZ,RAMIREZ,EXTREMO,SEGUNDA PARTE,5702.84,314.25,314.25,42.36,5.97,72.44,4,1.16,1166.82,22.17,125,314.25,34,4.96,34,43,108.33,27.4,333.76,-0.03,43,1211.91,5.97,MatchDay,34,0:52:38,163,42.36,314.25,0:00:00,86.73
Sunday,25/08/2024,,ALEJANDRO DOMINGO,DOMINGO,EXTREMO,SEGUNDA PARTE,3570.5,182.55,182.55,13,3.47,28.28,1,1.39,673.29,12.79,78,182.55,24,4.34,24,24,67.83,27.14,246.66,-0.04,24,703.48,3.47,MatchDay,34,0:52:38,108,13,182.55,0:00:00,58.44
Sunday,25/08/2024,,ROJO ,,CENTROCAMPISTA,SEGUNDA PARTE,5637.49,195.12,195.12,6.46,3.71,39.15,2,0.95,906.94,17.23,118,195.12,24,5.06,24,44,107.09,26.86,265.31,0.04,44,944.19,3.71,MatchDay,34,0:52:38,159,6.46,195.12,0:00:00,81.15
Sunday,25/08/2024,,UNAX ALVAREZ,ALVAREZ,EXTREMO,SEGUNDA PARTE,3391.73,243.33,243.33,23.29,6.5,42.65,4,1.66,716.6,13.61,79,243.33,42,5.44,42,37,90.53,30.31,279.14,-0.02,37,734.08,6.5,MatchDay,34,0:52:38,120,23.29,243.33,0:00:00,61.88
Sunday,01/09/2024,,Borja Diaz,Diaz,CENTROCAMPISTA,Entire Session,9927.29,972.43,972.43,271.85,8.01,404.98,16,1.24,1980.39,16.3,170,972.43,33,5.73,33,65,81.8,32.33,630.6,0.02,65,2046.33,8.01,MatchDay,35,2:01:29,217,271.85,972.43,0:00:00,154.54
Sunday,01/09/2024,,MIGUEL CERA,CERA,LATERAL DERECHO,Entire Session,10554.47,480.74,480.74,42.79,4.09,52.01,3,0.74,1744.13,14.82,207,480.74,60,5.09,60,87,89.82,30.56,382.94,0.05,87,1805.51,4.09,MatchDay,35,1:57:39,288,42.79,480.74,0:00:00,147.84
Sunday,01/09/2024,20,García Dario,Dario,CENTROCAMPISTA,Entire Session,2804.68,234.03,155.34,46.28,7.34,67.74,3,1.39,542.98,16.96,51,155.34,19,6.99,19,22,87.95,28.84,193.66,-0.02,22,560.73,4.87,MatchDay,35,0:32:01,100,0,234.03,0:00:00,45.38
Sunday,01/09/2024,,ERIC IGLESIAS,IGLESIAS,DELANTERO,Entire Session,3475.16,143.97,143.97,1.44,3.23,0,0,0.96,563.32,12.62,56,143.97,13,4.41,13,24,78.07,25.85,163.12,-0.03,24,581.78,3.23,MatchDay,35,0:44:38,69,1.44,143.97,0:00:00,49.38
Sunday,01/09/2024,12, Gallar,Gallar,LATERAL DERECHO,Entire Session,9173.12,376.77,246.76,105.32,3,124.81,8,0.99,1215.69,9.67,132,246.76,38,5.18,38,40,73.06,33.34,433.67,-0.06,40,1253.51,1.97,MatchDay,35,2:05:40,214,16.26,376.77,0:00:00,129.43
Sunday,01/09/2024,4,Ablanque Ablanque,Ablanque,CENTRAL,Entire Session,9364.32,535.33,460.92,137.61,4.21,153.64,6,0.52,1352.32,10.48,138,460.92,60,4.96,60,66,73.66,33.55,234.32,-0.04,66,1398.41,3.63,MatchDay,35,2:09:04,208,59.88,535.33,0:00:00,116.57
Sunday,01/09/2024,,JULIO MARTINEZ,MARTINEZ,LATERAL IZQUIERDO,Entire Session,10686.37,748.11,748.11,142.61,6.14,200.56,10,0.78,1902.93,15.61,195,748.11,65,5.22,65,68,87.77,31.43,412.35,0.01,68,1960.68,6.14,MatchDay,35,2:01:53,310,142.61,748.11,0:00:00,145.73
Sunday,01/09/2024,,ALEX KREHL,KREHL,DELANTERO,Entire Session,8036.45,553.79,553.79,84.27,5.74,102.61,6,0.92,1656.48,17.15,188,553.79,67,5.3,67,72,83.32,31,373.78,0.04,72,1710.29,5.74,MatchDay,35,1:36:35,265,84.27,553.79,0:00:00,124.52
Sunday,01/09/2024,,MANUEL MARQUEZ,MARQUEZ,EXTREMO,Entire Session,3945.61,400.13,334.26,92.7,9.33,79.99,3,1.04,809.26,18.81,70,334.26,23,4.65,23,35,92,29.38,206.18,0.07,35,837.86,7.79,MatchDay,35,0:43:01,90,43.42,400.13,0:00:00,59.66
Sunday,01/09/2024,,MANU RAMIREZ,RAMIREZ,EXTREMO,Entire Session,9102.93,520.15,520.15,34.44,5.47,78.08,6,0.98,1774.37,18.63,192,520.15,53,4.78,53,72,95.72,27.68,449.2,-0.03,72,1849.33,5.47,MatchDay,35,1:35:15,248,34.44,520.15,0:00:00,134.22
Sunday,01/09/2024,,ALEJANDRO DOMINGO,DOMINGO,EXTREMO,Entire Session,8068.71,473.89,473.89,8.6,4.79,15.57,2,1.45,1545.86,15.6,161,473.89,40,6.02,40,55,81.56,27.29,583.94,-0.01,55,1597.76,4.79,MatchDay,35,1:39:04,202,8.6,473.89,0:00:00,136.59
Sunday,01/09/2024,,ROJO ,,CENTROCAMPISTA,Entire Session,11735.66,409.62,409.62,27.26,3.29,51.4,5,0.75,1980.27,15.9,244,409.62,55,4.99,55,77,94.36,29.34,440.87,-0.01,77,2066.11,3.29,MatchDay,35,2:04:31,303,27.26,409.62,0:00:00,167.4
Sunday,01/09/2024,,ANTONIO CALVO,CALVO,CENTROCAMPISTA,Entire Session,11074.66,575.01,575.01,154.03,4.56,240.13,10,0.81,1718.68,13.61,185,575.01,40,5.93,40,54,87.77,32.08,444.49,-0.04,54,1799.27,4.56,MatchDay,35,2:06:19,260,154.03,575.01,0:00:00,150.21
Sunday,01/09/2024,,UNAX ALVAREZ,ALVAREZ,EXTREMO,Entire Session,2659.81,276.89,276.89,59.78,10.14,112.13,5,1.33,605.08,22.02,55,276.89,17,4.88,17,15,97.36,30.49,180.61,-0.04,15,618.57,10.14,MatchDay,35,0:27:28,65,59.78,276.89,0:00:00,43.58
Sunday,01/09/2024,,Borja Diaz,Diaz,CENTROCAMPISTA,PRIMERA PARTE,6148.64,607.17,607.17,142.17,12.27,231.28,11,1.23,1264.68,25.4,114,607.17,22,5.73,22,41,124.29,32.33,389.06,0.02,41,1313.04,12.27,MatchDay,35,0:49:47,146,142.17,607.17,0:00:00,93.96
Sunday,01/09/2024,,MIGUEL CERA,CERA,LATERAL DERECHO,PRIMERA PARTE,5300.54,289.03,289.03,11.5,5.86,18.69,2,0.84,970.11,19.48,110,289.03,34,5.07,34,50,107.4,26.71,221.02,0.05,50,996.53,5.86,MatchDay,35,0:49:47,169,11.5,289.03,0:00:00,77.01
Sunday,01/09/2024,20,García Dario,Dario,CENTROCAMPISTA,PRIMERA PARTE,0,0,0,0,0,0,0,0,0,0,0,0,0,0,0,0,0,0,0,0,0,0,0,MatchDay,35,0:49:47,0,0,0,0:00:00,0
Sunday,01/09/2024,,ERIC IGLESIAS,IGLESIAS,DELANTERO,PRIMERA PARTE,0,0,0,0,0,0,0,0,0,0,0,0,0,0,0,0,0,0,0,0,0,0,0,MatchDay,35,0:49:47,0,0,0,0:00:00,0
Sunday,01/09/2024,12, Gallar,Gallar,LATERAL DERECHO,PRIMERA PARTE,4503.43,245.18,175.24,66.88,4.92,81.62,6,1.07,664.35,13.34,71,175.24,23,5.18,23,20,90.45,33.34,236.13,-0.06,20,684.33,3.52,MatchDay,35,0:49:47,102,8.58,245.18,0:00:00,65.23
Sunday,01/09/2024,4,Ablanque Ablanque,Ablanque,CENTRAL,PRIMERA PARTE,4571.13,288.75,252.4,41.68,5.82,59.26,4,0.55,720.28,14.47,72,252.4,33,4.93,33,34,92.1,33.3,122.25,-0.06,34,745.83,5.09,MatchDay,35,0:49:47,119,15.8,288.75,0:00:00,58.65
Sunday,01/09/2024,,JULIO MARTINEZ,MARTINEZ,LATERAL IZQUIERDO,PRIMERA PARTE,5270.32,476.25,476.25,132.59,9.68,187.68,9,0.89,1031.35,20.72,96,476.25,36,5.22,36,44,107.14,31.43,237.24,0,44,1065.54,9.68,MatchDay,35,0:49:47,152,132.59,476.25,0:00:00,72.99
Sunday,01/09/2024,,ALEX KREHL,KREHL,DELANTERO,PRIMERA PARTE,5779.4,402.98,402.98,67.66,8.12,86.47,5,0.92,1195.23,24.01,137,402.98,50,5.3,50,53,116.41,31,270.67,0.04,53,1237.03,8.12,MatchDay,35,0:49:47,180,67.66,402.98,0:00:00,87.2
Sunday,01/09/2024,,MANUEL MARQUEZ,MARQUEZ,EXTREMO,PRIMERA PARTE,0,0,0,0,0,0,0,0,0,0,0,0,0,0,0,0,0,0,0,0,0,0,0,MatchDay,35,0:49:47,0,0,0,0:00:00,0
Sunday,01/09/2024,,MANU RAMIREZ,RAMIREZ,EXTREMO,PRIMERA PARTE,5777.87,294.56,294.56,20.94,5.97,60.09,4,0.98,1184.36,23.79,128,294.56,33,4.62,33,42,117.11,27.68,283.93,-0.03,42,1223.4,5.97,MatchDay,35,0:49:47,166,20.94,294.56,0:00:00,84.62
Sunday,01/09/2024,,ALEJANDRO DOMINGO,DOMINGO,EXTREMO,PRIMERA PARTE,5605.94,333.5,333.5,7.9,6.75,15.57,2,1.52,1061.37,21.32,115,333.5,31,6.02,31,44,113.4,27.29,426.47,-0.01,44,1096.62,6.75,MatchDay,35,0:49:47,137,7.9,333.5,0:00:00,92.22
Sunday,01/09/2024,,ROJO ,,CENTROCAMPISTA,PRIMERA PARTE,5984.81,275.43,275.43,25.84,5.53,51.4,5,0.85,1113.17,22.36,131,275.43,38,4.99,38,42,120.21,29.34,257.75,-0.01,42,1156.73,5.53,MatchDay,35,0:49:47,163,25.84,275.43,0:00:00,87.62
Sunday,01/09/2024,,ANTONIO CALVO,CALVO,CENTROCAMPISTA,PRIMERA PARTE,5473.09,279.25,279.25,35.34,5.61,88.61,5,0.81,866.72,17.41,96,279.25,25,5.93,25,22,109.93,28.87,220.44,-0.05,22,910.3,5.61,MatchDay,35,0:49:47,132,35.34,279.25,0:00:00,73.99
Sunday,01/09/2024,,UNAX ALVAREZ,ALVAREZ,EXTREMO,PRIMERA PARTE,0,0,0,0,0,0,0,0,0,0,0,0,0,0,0,0,0,0,0,0,0,0,0,MatchDay,35,0:49:47,0,0,0,0:00:00,0
Sunday,01/09/2024,,Borja Diaz,Diaz,CENTROCAMPISTA,SEGUNDA PARTE,3550.6,365.26,365.26,129.68,6.72,173.7,5,1.32,715.7,13.17,56,365.26,11,4.85,11,24,65.31,31.46,238.43,0,24,733.29,6.72,MatchDay,35,0:54:21,70,129.68,365.26,0:00:00,56.36
Sunday,01/09/2024,,MIGUEL CERA,CERA,LATERAL DERECHO,SEGUNDA PARTE,5182.98,191.71,191.71,31.29,3.53,33.32,1,0.64,774.02,14.24,97,191.71,26,5.09,26,37,95.34,30.56,161.73,0.05,37,808.98,3.53,MatchDay,35,0:54:21,119,31.29,191.71,0:00:00,68.54
Sunday,01/09/2024,20,García Dario,Dario,CENTROCAMPISTA,SEGUNDA PARTE,2485.89,233.45,155.34,46.28,9.41,67.74,3,1.29,522.87,9.62,51,155.34,17,5.37,17,19,100.2,28.84,161.66,-0.02,19,539.66,6.26,MatchDay,35,0:54:21,74,0,233.45,0:00:00,38.1
Sunday,01/09/2024,,ERIC IGLESIAS,IGLESIAS,DELANTERO,SEGUNDA PARTE,3302.33,143.97,143.97,1.44,4.12,0,0,1,563.32,10.36,56,143.97,13,4.41,13,24,94.49,25.85,162.22,-0.03,24,581.78,4.12,MatchDay,35,0:54:21,69,1.44,143.97,0:00:00,47.14
Sunday,01/09/2024,12, Gallar,Gallar,LATERAL DERECHO,SEGUNDA PARTE,4263.49,131.59,71.52,38.45,2.42,43.19,2,0.96,551.33,10.14,61,71.52,15,4.83,15,20,78.43,31.68,194.99,-0.06,20,569.18,1.32,MatchDay,35,0:54:21,110,7.67,131.59,0:00:00,58.58
Sunday,01/09/2024,4,Ablanque Ablanque,Ablanque,CENTRAL,SEGUNDA PARTE,4457.87,246.58,208.52,95.93,4.54,94.37,2,0.52,632.04,11.63,66,208.52,27,4.96,27,32,82,33.55,111.52,-0.02,32,652.58,3.84,MatchDay,35,0:54:21,89,44.08,246.58,0:00:00,52.99
Sunday,01/09/2024,,JULIO MARTINEZ,MARTINEZ,LATERAL IZQUIERDO,SEGUNDA PARTE,5162.15,271.86,271.86,10.02,5,12.88,1,0.69,871.58,16.03,99,271.86,29,4.83,29,24,94.96,27.32,174.22,0.02,24,895.14,5,MatchDay,35,0:54:21,157,10.02,271.86,0:00:00,68.74
Sunday,01/09/2024,,ALEX KREHL,KREHL,DELANTERO,SEGUNDA PARTE,2223.34,150.81,150.81,16.61,4.39,16.14,1,0.92,461.25,8.48,51,150.81,17,4.44,17,19,64.79,29.92,103.03,0.04,19,473.26,4.39,MatchDay,35,0:54:21,85,16.61,150.81,0:00:00,35.59
Sunday,01/09/2024,,MANUEL MARQUEZ,MARQUEZ,EXTREMO,SEGUNDA PARTE,3655,400.13,334.26,92.7,11.36,79.99,3,1.09,807.24,14.85,70,334.26,23,4.65,23,35,103.76,29.38,202.6,0.07,35,835.28,9.49,MatchDay,35,0:54:21,88,43.42,400.13,0:00:00,55.8
Sunday,01/09/2024,,MANU RAMIREZ,RAMIREZ,EXTREMO,SEGUNDA PARTE,3289.81,225.58,225.58,13.49,6.78,18,2,1.01,590.02,10.85,64,225.58,20,4.78,20,30,98.88,26.57,165.2,-0.05,30,625.92,6.78,MatchDay,35,0:54:21,81,13.49,225.58,0:00:00,48.05
Sunday,01/09/2024,,ALEJANDRO DOMINGO,DOMINGO,EXTREMO,SEGUNDA PARTE,2411.37,140.39,140.39,0.7,3.79,0,0,1.3,484.48,8.91,46,140.39,9,5.05,9,11,65.15,25.24,157.4,-0.01,11,501.13,3.79,MatchDay,35,0:54:21,64,0.7,140.39,0:00:00,42.42
Sunday,01/09/2024,,ROJO ,,CENTROCAMPISTA,SEGUNDA PARTE,5555.49,134.19,134.19,1.42,2.47,0,0,0.66,867.1,15.95,113,134.19,17,4.48,17,35,102.19,25.63,180.28,-0.01,35,909.38,2.47,MatchDay,35,0:54:21,140,1.42,134.19,0:00:00,75.16
Sunday,01/09/2024,,ANTONIO CALVO,CALVO,CENTROCAMPISTA,SEGUNDA PARTE,5402.48,295.75,295.75,118.68,5.44,151.52,5,0.83,851.96,15.67,89,295.75,15,4.76,15,32,99.38,32.08,222.41,-0.03,32,888.97,5.44,MatchDay,35,0:54:21,126,118.68,295.75,0:00:00,71.85
Sunday,01/09/2024,,UNAX ALVAREZ,ALVAREZ,EXTREMO,SEGUNDA PARTE,2603.91,276.89,276.89,59.78,10.73,112.13,5,1.36,605.08,11.13,55,276.89,17,4.88,17,15,100.93,30.49,180.55,-0.04,15,618.57,10.73,MatchDay,35,0:54:21,65,59.78,276.89,0:00:00,42.94
Sunday,08/09/2024,,DAVID AMIGO,AMIGO,DELANTERO,Entire Session,6800.9,512.5,343.35,135,4.16,85.5,6,0.64,1316.25,10.67,131,343.35,64,5.66,64,58,55.17,30.02,217.33,0,58,1346.72,2.79,MatchDay,36,2:03:24,193,59,512.5,0:00:00,94.7
Sunday,08/09/2024,,Borja Diaz,Diaz,CENTROCAMPISTA,Entire Session,10350.45,471.51,471.51,36.72,3.7,70.36,4,1.01,1555.25,12.2,163,471.51,53,5.19,53,57,81.28,27.68,511.15,0,57,1624.15,3.7,MatchDay,36,2:07:28,222,36.72,471.51,0:00:00,156.01
Sunday,08/09/2024,,MIGUEL CERA,CERA,LATERAL DERECHO,Entire Session,10069.93,636.41,636.41,156.05,4.98,229.31,10,0.65,1865.02,14.59,197,636.41,66,5.72,66,71,78.87,31.46,323.09,0.04,71,1930.37,4.98,MatchDay,36,2:07:48,260,156.05,636.41,0:00:00,137.4
Sunday,08/09/2024,20,García Dario,Dario,CENTROCAMPISTA,Entire Session,1596.85,99.44,57.84,2.12,6.34,0,0,1.08,306.24,19.38,36,57.84,17,6.67,17,15,101.84,25.49,84.86,0.05,15,313.08,3.69,MatchDay,36,0:15:48,46,0,99.44,0:00:00,23.94
Sunday,08/09/2024,,ERIC IGLESIAS,IGLESIAS,DELANTERO,Entire Session,4511.92,228.82,228.82,33.33,3.96,58.64,4,0.96,695.35,12,73,228.82,29,4.61,29,35,78.05,28.69,207.93,-0.02,35,715.98,3.96,MatchDay,36,0:57:56,123,33.33,228.82,0:00:00,65.68
Sunday,08/09/2024,12, Gallar,Gallar,LATERAL DERECHO,Entire Session,8238.97,263.51,160.11,52.78,2.01,70.07,4,1.02,1118.19,8.53,125,160.11,37,4.89,37,44,62.9,32.36,398.4,-0.01,44,1153.57,1.22,MatchDay,36,2:11:07,216,9.29,263.51,0:00:00,120.33
Sunday,08/09/2024,,ALEJANDRO HERRANZ,HERRANZ,LATERAL IZQUIERDO,Entire Session,2880.99,263.49,263.49,40.91,8.06,74,3,0.39,654.15,19.94,63,263.49,34,5.73,34,35,88.16,28.69,55.68,-0.02,35,673.69,8.06,MatchDay,36,0:32:48,102,40.91,263.49,0:00:00,35.68
Sunday,08/09/2024,4,Ablanque Ablanque,Ablanque,CENTRAL,Entire Session,8802.3,370.02,316.86,79.72,2.84,107.17,5,0.46,1166.47,8.94,137,316.86,51,5.38,51,58,67.5,33.16,194.31,-0.07,58,1207.24,2.43,MatchDay,36,2:10:31,229,15.74,370.02,0:00:00,109.95
Sunday,08/09/2024,,JULIO MARTINEZ,MARTINEZ,LATERAL IZQUIERDO,Entire Session,7322.54,395.89,395.89,47.67,3.18,85.23,4,0.83,1224.73,9.83,127,395.89,50,5.46,50,58,58.85,28.44,296.79,0.04,58,1263.94,3.18,MatchDay,36,2:04:33,229,47.67,395.89,0:00:00,107.53
Sunday,08/09/2024,,MANUEL MARQUEZ,MARQUEZ,EXTREMO,Entire Session,3785.35,401.68,329.56,117.54,9.79,105.48,3,1.08,909.5,22.1,88,329.56,35,5.12,35,32,92.27,32.8,209.66,0.05,32,924.73,8.03,MatchDay,36,0:41:09,114,95.37,401.68,0:00:00,61.93
Sunday,08/09/2024,,MANU RAMIREZ,RAMIREZ,EXTREMO,Entire Session,6872.76,232.64,232.64,1.4,1.99,0,0,0.76,1188.77,10.15,135,232.64,49,4.71,49,49,58.75,25.34,254.98,-0.02,49,1233.78,1.99,MatchDay,36,1:57:07,211,1.4,232.64,0:00:00,97.88
Sunday,08/09/2024,,ALEJANDRO DOMINGO,DOMINGO,EXTREMO,Entire Session,4615.21,198.67,198.67,25.09,1.57,35.45,3,1.18,796.49,6.27,84,198.67,34,5.6,34,35,36.36,29.16,264.86,-0.16,35,818.34,1.57,MatchDay,36,2:07:03,147,25.09,198.67,0:00:00,78.1
Sunday,08/09/2024,,ROJO ,,CENTROCAMPISTA,Entire Session,8944.21,328.03,328.03,51.76,2.65,94.15,7,0.67,1403.47,11.32,173,328.03,58,5.62,58,72,72.2,28.58,292.75,-0.05,72,1456.87,2.65,MatchDay,36,2:04:02,263,51.76,328.03,0:00:00,126.18
Sunday,08/09/2024,,ANTONIO CALVO,CALVO,CENTROCAMPISTA,Entire Session,10106.61,444.26,444.26,48.91,3.56,84.41,5,0.72,1693.68,13.58,186,444.26,55,5.34,55,64,81.04,27.83,353.55,-0.01,64,1769.33,3.56,MatchDay,36,2:04:44,273,48.91,444.26,0:00:00,138.17
Sunday,08/09/2024,,UNAX ALVAREZ,ALVAREZ,EXTREMO,Entire Session,4087.37,337.08,337.08,47.57,7.6,78.46,4,1.22,847.86,6.81,88,337.08,44,5.38,44,37,92.12,29.02,249.22,0.01,37,869.55,7.6,MatchDay,36,2:04:32,114,47.57,337.08,0:00:00,69.21
Sunday,08/09/2024,,DAVID AMIGO,AMIGO,DELANTERO,PRIMERA PARTE,4925.08,348.76,242.95,103.41,7.09,69.67,5,0.62,924.04,18.79,98,242.95,49,5.66,49,44,100.14,29.45,150.63,0.01,44,944.53,4.94,MatchDay,36,0:49:10,143,44.78,348.76,0:00:00,64.6
Sunday,08/09/2024,,Borja Diaz,Diaz,CENTROCAMPISTA,PRIMERA PARTE,5227.33,291.12,291.12,29.57,5.92,55.46,3,1,909.42,18.49,90,291.12,25,5.19,25,28,106.29,27.68,261.34,-0.01,28,949.3,5.92,MatchDay,36,0:49:10,111,29.57,291.12,0:00:00,77.67
Sunday,08/09/2024,,MIGUEL CERA,CERA,LATERAL DERECHO,PRIMERA PARTE,4511.77,219.58,219.58,32.7,4.46,65.45,4,0.65,772.35,15.7,90,219.58,36,5.72,36,42,91.74,28.22,141.75,0.05,42,803.3,4.46,MatchDay,36,0:49:10,124,32.7,219.58,0:00:00,60.19
Sunday,08/09/2024,20,García Dario,Dario,CENTROCAMPISTA,PRIMERA PARTE,0,0,0,0,0,0,0,0,0,0,0,0,0,0,0,0,0,0,0,0,0,0,0,MatchDay,36,0:49:10,0,0,0,0:00:00,0
Sunday,08/09/2024,,ERIC IGLESIAS,IGLESIAS,DELANTERO,PRIMERA PARTE,0,0,0,0,0,0,0,0,0,0,0,0,0,0,0,0,0,0,0,0,0,0,0,MatchDay,36,0:49:10,0,0,0,0:00:00,0
Sunday,08/09/2024,12, Gallar,Gallar,LATERAL DERECHO,PRIMERA PARTE,3880.43,136.92,70.54,10.07,2.78,21.35,2,1.05,610.41,12.41,69,70.54,20,4.75,20,22,78.9,26.78,195.85,-0.03,22,628.12,1.43,MatchDay,36,0:49:10,102,0,136.92,0:00:00,57
Sunday,08/09/2024,,ALEJANDRO HERRANZ,HERRANZ,LATERAL IZQUIERDO,PRIMERA PARTE,0,0,0,0,0,0,0,0,0,0,0,0,0,0,0,0,0,0,0,0,0,0,0,MatchDay,36,0:49:10,0,0,0,0:00:00,0
Sunday,08/09/2024,4,Ablanque Ablanque,Ablanque,CENTRAL,PRIMERA PARTE,4188.52,196.11,161.96,24.08,3.99,45.11,2,0.5,635.06,12.91,75,161.96,28,5.36,28,34,85.17,28.48,100.06,-0.06,34,660.15,3.29,MatchDay,36,0:49:10,120,0,196.11,0:00:00,52.16
Sunday,08/09/2024,,JULIO MARTINEZ,MARTINEZ,LATERAL IZQUIERDO,PRIMERA PARTE,4529.33,248.2,248.2,45.45,5.05,78.14,3,0.82,751.04,15.27,76,248.2,30,4.89,30,35,92.1,28.22,180.35,0.05,35,772.23,5.05,MatchDay,36,0:49:10,147,45.45,248.2,0:00:00,63.58
Sunday,08/09/2024,,MANUEL MARQUEZ,MARQUEZ,EXTREMO,PRIMERA PARTE,0,0,0,0,0,0,0,0,0,0,0,0,0,0,0,0,0,0,0,0,0,0,0,MatchDay,36,0:49:10,0,0,0,0:00:00,0
Sunday,08/09/2024,,MANU RAMIREZ,RAMIREZ,EXTREMO,PRIMERA PARTE,4990.04,194.88,194.88,0.7,3.96,0,0,0.76,907.85,18.46,104,194.88,42,4.71,42,37,101.46,25.2,187.93,-0.02,37,939.1,3.96,MatchDay,36,0:49:10,152,0.7,194.88,0:00:00,69.45
Sunday,08/09/2024,,ALEJANDRO DOMINGO,DOMINGO,EXTREMO,PRIMERA PARTE,4385.7,198.67,198.67,25.09,4.04,35.45,3,1.21,785.98,15.98,83,198.67,34,5.6,34,35,89.18,29.16,259.42,-0.16,35,807.84,4.04,MatchDay,36,0:49:10,143,25.09,198.67,0:00:00,73
Sunday,08/09/2024,,ROJO ,,CENTROCAMPISTA,PRIMERA PARTE,4978.27,214.18,214.18,35.09,4.36,65.27,5,0.69,833.1,16.94,97,214.18,36,5.62,36,38,101.23,28.58,168.03,-0.03,38,864.81,4.36,MatchDay,36,0:49:10,147,35.09,214.18,0:00:00,68.41
Sunday,08/09/2024,,ANTONIO CALVO,CALVO,CENTROCAMPISTA,PRIMERA PARTE,4846.82,190.99,190.99,21.26,3.88,29.47,2,0.67,829.28,16.86,87,190.99,23,5.34,23,33,98.55,27.54,159.32,-0.02,33,866.5,3.88,MatchDay,36,0:49:10,132,21.26,190.99,0:00:00,63.56
Sunday,08/09/2024,,UNAX ALVAREZ,ALVAREZ,EXTREMO,PRIMERA PARTE,0,0,0,0,0,0,0,0,0,0,0,0,0,0,0,0,0,0,0,0,0,0,0,MatchDay,36,0:49:10,0,0,0,0:00:00,0
Sunday,08/09/2024,,DAVID AMIGO,AMIGO,DELANTERO,SEGUNDA PARTE,1747.3,163.74,100.4,31.59,2.91,15.83,1,0.75,392.21,6.96,33,100.4,15,5.22,15,14,31.03,30.02,66.04,-0.03,14,402.19,1.78,MatchDay,36,0:56:19,49,14.22,163.74,0:00:00,27.19
Sunday,08/09/2024,,Borja Diaz,Diaz,CENTROCAMPISTA,SEGUNDA PARTE,4926.33,180.4,180.4,7.15,3.2,14.9,1,1.03,645.83,11.47,73,180.4,28,5.09,28,29,87.48,26.42,245.35,0.01,29,674.86,3.2,MatchDay,36,0:56:19,110,7.15,180.4,0:00:00,73.55
Sunday,08/09/2024,,MIGUEL CERA,CERA,LATERAL DERECHO,SEGUNDA PARTE,5262.35,415.71,415.71,123.34,7.38,163.86,6,0.67,1077.13,19.13,105,415.71,30,4.46,30,29,93.44,31.46,177.09,0.04,29,1110.63,7.38,MatchDay,36,0:56:19,134,123.34,415.71,0:00:00,72.34
Sunday,08/09/2024,20,García Dario,Dario,CENTROCAMPISTA,SEGUNDA PARTE,1593.2,99.44,57.84,2.12,6.49,0,0,1.08,306.24,5.44,36,57.84,17,6.67,17,15,103.95,25.49,84.8,0.05,15,313.08,3.77,MatchDay,36,0:56:19,46,0,99.44,0:00:00,23.61
Sunday,08/09/2024,,ERIC IGLESIAS,IGLESIAS,DELANTERO,SEGUNDA PARTE,4453.36,228.82,228.82,33.33,4.3,58.64,4,0.97,695.35,12.35,73,228.82,29,4.61,29,35,83.7,28.69,207.73,-0.02,35,715.98,4.3,MatchDay,36,0:56:19,123,33.33,228.82,0:00:00,64.56
Sunday,08/09/2024,12, Gallar,Gallar,LATERAL DERECHO,SEGUNDA PARTE,4104.35,115.67,83.24,42.71,2.05,48.72,2,1.01,492.51,8.75,55,83.24,17,4.89,17,21,72.88,32.36,196.43,0.01,21,509.84,1.48,MatchDay,36,0:56:19,112,9.29,115.67,0:00:00,59.38
Sunday,08/09/2024,,ALEJANDRO HERRANZ,HERRANZ,LATERAL IZQUIERDO,SEGUNDA PARTE,2838.3,263.49,263.49,40.91,8.76,74,3,0.39,654.15,11.62,63,263.49,34,5.73,34,35,94.33,28.69,55.64,-0.02,35,673.69,8.76,MatchDay,36,0:56:19,101,40.91,263.49,0:00:00,34.93
Sunday,08/09/2024,4,Ablanque Ablanque,Ablanque,CENTRAL,SEGUNDA PARTE,4391.93,173.91,154.91,55.64,3.09,62.06,3,0.45,530.25,9.42,62,154.91,23,5.38,23,24,77.99,33.16,92.37,-0.09,24,545.67,2.75,MatchDay,36,0:56:19,108,15.74,173.91,0:00:00,53.59
Sunday,08/09/2024,,JULIO MARTINEZ,MARTINEZ,LATERAL IZQUIERDO,SEGUNDA PARTE,2523.41,135.54,135.54,2.22,2.41,7.08,1,0.88,452.87,8.04,50,135.54,20,5.46,20,22,44.81,28.44,110.54,0.04,22,470.89,2.41,MatchDay,36,0:56:19,76,2.22,135.54,0:00:00,38.77
Sunday,08/09/2024,,MANUEL MARQUEZ,MARQUEZ,EXTREMO,SEGUNDA PARTE,3779.27,401.68,329.56,117.54,10.02,105.48,3,1.08,909.5,16.15,88,329.56,35,5.12,35,32,94.24,32.8,209.37,0.05,32,924.73,8.22,MatchDay,36,0:56:19,114,95.37,401.68,0:00:00,61.32
Sunday,08/09/2024,,MANU RAMIREZ,RAMIREZ,EXTREMO,SEGUNDA PARTE,1637.68,37.76,37.76,0.7,0.72,0,0,0.83,280.92,4.99,31,37.76,7,4.47,7,12,31.12,25.34,66.4,-0.03,12,294.68,0.72,MatchDay,36,0:56:19,56,0.7,37.76,0:00:00,25.96
Sunday,08/09/2024,,ALEJANDRO DOMINGO,DOMINGO,EXTREMO,SEGUNDA PARTE,0,0,0,0,0,0,0,0,0,0,0,0,0,0,0,0,0,0,0,0,0,0,0,MatchDay,36,0:56:19,0,0,0,0:00:00,0.01
Sunday,08/09/2024,,ROJO ,,CENTROCAMPISTA,SEGUNDA PARTE,3794.87,113.85,113.85,16.67,2.02,28.87,2,0.68,566.19,10.05,75,113.85,21,4.93,21,34,67.38,27.36,123.88,-0.08,34,587.5,2.02,MatchDay,36,0:56:19,114,16.67,113.85,0:00:00,54.98
Sunday,08/09/2024,,ANTONIO CALVO,CALVO,CENTROCAMPISTA,SEGUNDA PARTE,5000.19,253.28,253.28,27.65,4.5,54.94,3,0.78,860.37,15.28,98,253.28,32,4.75,32,31,88.79,27.83,192.68,0,31,898.79,4.5,MatchDay,36,0:56:19,138,27.65,253.28,0:00:00,70.57
Sunday,08/09/2024,,UNAX ALVAREZ,ALVAREZ,EXTREMO,SEGUNDA PARTE,4051.79,337.08,337.08,47.57,8.24,78.46,4,1.23,847.86,15.05,88,337.08,44,5.38,44,37,99,29.02,249.13,0.01,37,869.55,8.24,MatchDay,36,0:56:19,114,47.57,337.08,0:00:00,68.38
